-- phpMyAdmin SQL Dump
-- version 5.1.1
-- https://www.phpmyadmin.net/
--
-- Host: 127.0.0.1:3306
-- Generation Time: Nov 26, 2024 at 01:10 PM
-- Server version: 10.4.11-MariaDB
-- PHP Version: 8.0.7

SET SQL_MODE = "NO_AUTO_VALUE_ON_ZERO";
START TRANSACTION;
SET time_zone = "+00:00";


/*!40101 SET @OLD_CHARACTER_SET_CLIENT=@@CHARACTER_SET_CLIENT */;
/*!40101 SET @OLD_CHARACTER_SET_RESULTS=@@CHARACTER_SET_RESULTS */;
/*!40101 SET @OLD_COLLATION_CONNECTION=@@COLLATION_CONNECTION */;
/*!40101 SET NAMES utf8mb4 */;

--
-- Database: `django_kmeans_elbow`
--

-- --------------------------------------------------------

--
-- Table structure for table `auth_group`
--

CREATE TABLE `auth_group` (
  `id` int(11) NOT NULL,
  `name` varchar(150) NOT NULL
) ENGINE=InnoDB DEFAULT CHARSET=utf8mb4;

--
-- Dumping data for table `auth_group`
--

INSERT INTO `auth_group` (`id`, `name`) VALUES
(1, 'Admin'),
(2, 'Guru BK'),
(3, 'Siswa');

-- --------------------------------------------------------

--
-- Table structure for table `auth_group_permissions`
--

CREATE TABLE `auth_group_permissions` (
  `id` bigint(20) NOT NULL,
  `group_id` int(11) NOT NULL,
  `permission_id` int(11) NOT NULL
) ENGINE=InnoDB DEFAULT CHARSET=utf8mb4;

--
-- Dumping data for table `auth_group_permissions`
--

INSERT INTO `auth_group_permissions` (`id`, `group_id`, `permission_id`) VALUES
(1, 1, 1),
(2, 1, 2),
(3, 1, 3),
(4, 1, 4),
(5, 1, 5),
(6, 1, 6),
(7, 1, 7),
(8, 1, 8),
(9, 1, 9),
(10, 1, 10),
(11, 1, 11),
(12, 1, 12),
(13, 1, 13),
(14, 1, 14),
(15, 1, 15),
(16, 1, 16),
(17, 1, 17),
(18, 1, 18),
(19, 1, 19),
(20, 1, 20),
(21, 1, 21),
(22, 1, 22),
(23, 1, 23),
(24, 1, 24),
(25, 2, 17),
(26, 2, 18),
(27, 2, 19),
(28, 2, 20),
(29, 2, 21),
(30, 2, 22),
(31, 2, 23),
(32, 2, 24),
(33, 3, 17),
(34, 3, 18),
(35, 3, 19),
(36, 3, 20),
(37, 3, 21),
(38, 3, 22),
(39, 3, 23),
(40, 3, 24);

-- --------------------------------------------------------

--
-- Table structure for table `auth_permission`
--

CREATE TABLE `auth_permission` (
  `id` int(11) NOT NULL,
  `name` varchar(255) NOT NULL,
  `content_type_id` int(11) NOT NULL,
  `codename` varchar(100) NOT NULL
) ENGINE=InnoDB DEFAULT CHARSET=utf8mb4;

--
-- Dumping data for table `auth_permission`
--

INSERT INTO `auth_permission` (`id`, `name`, `content_type_id`, `codename`) VALUES
(1, 'Can add log entry', 1, 'add_logentry'),
(2, 'Can change log entry', 1, 'change_logentry'),
(3, 'Can delete log entry', 1, 'delete_logentry'),
(4, 'Can view log entry', 1, 'view_logentry'),
(5, 'Can add permission', 2, 'add_permission'),
(6, 'Can change permission', 2, 'change_permission'),
(7, 'Can delete permission', 2, 'delete_permission'),
(8, 'Can view permission', 2, 'view_permission'),
(9, 'Can add group', 3, 'add_group'),
(10, 'Can change group', 3, 'change_group'),
(11, 'Can delete group', 3, 'delete_group'),
(12, 'Can view group', 3, 'view_group'),
(13, 'Can add user', 4, 'add_user'),
(14, 'Can change user', 4, 'change_user'),
(15, 'Can delete user', 4, 'delete_user'),
(16, 'Can view user', 4, 'view_user'),
(17, 'Can add content type', 5, 'add_contenttype'),
(18, 'Can change content type', 5, 'change_contenttype'),
(19, 'Can delete content type', 5, 'delete_contenttype'),
(20, 'Can view content type', 5, 'view_contenttype'),
(21, 'Can add session', 6, 'add_session'),
(22, 'Can change session', 6, 'change_session'),
(23, 'Can delete session', 6, 'delete_session'),
(24, 'Can view session', 6, 'view_session');

-- --------------------------------------------------------

--
-- Table structure for table `auth_user`
--

CREATE TABLE `auth_user` (
  `id` int(11) NOT NULL,
  `password` varchar(128) NOT NULL,
  `last_login` datetime(6) DEFAULT NULL,
  `is_superuser` tinyint(1) NOT NULL,
  `username` varchar(150) NOT NULL,
  `first_name` varchar(150) NOT NULL,
  `last_name` varchar(150) NOT NULL,
  `email` varchar(254) NOT NULL,
  `is_staff` tinyint(1) NOT NULL,
  `is_active` tinyint(1) NOT NULL,
  `date_joined` datetime(6) NOT NULL
) ENGINE=InnoDB DEFAULT CHARSET=utf8mb4;

--
-- Dumping data for table `auth_user`
--

INSERT INTO `auth_user` (`id`, `password`, `last_login`, `is_superuser`, `username`, `first_name`, `last_name`, `email`, `is_staff`, `is_active`, `date_joined`) VALUES
(1, 'pbkdf2_sha256$260000$Sf2rWxdx0CQSteDYzyBO86$yj//I2fPM3kxrXhj0XcoKsciUwtAag6PO+jceoUnJLg=', '2024-11-23 18:02:24.047744', 1, 'admin', 'Admin', 'Pusat', 'admin@gmail.com', 1, 1, '2024-08-22 11:20:43.000000'),
(6, 'pbkdf2_sha256$260000$iF7SIIQOUYbCMcoG8b8yMr$ZjSOEkWcU8jOXqTolaZDQa8pI5nRzz+4FVf//rTzN2o=', '2024-11-09 15:28:38.756245', 0, 'guru_bk', 'Anton', 'Sinaga', 'guru_bk@gmail.com', 0, 1, '2024-11-09 14:38:55.963007');

-- --------------------------------------------------------

--
-- Table structure for table `auth_user_groups`
--

CREATE TABLE `auth_user_groups` (
  `id` bigint(20) NOT NULL,
  `user_id` int(11) NOT NULL,
  `group_id` int(11) NOT NULL
) ENGINE=InnoDB DEFAULT CHARSET=utf8mb4;

--
-- Dumping data for table `auth_user_groups`
--

INSERT INTO `auth_user_groups` (`id`, `user_id`, `group_id`) VALUES
(6, 1, 1),
(16, 6, 2);

-- --------------------------------------------------------

--
-- Table structure for table `auth_user_user_permissions`
--

CREATE TABLE `auth_user_user_permissions` (
  `id` bigint(20) NOT NULL,
  `user_id` int(11) NOT NULL,
  `permission_id` int(11) NOT NULL
) ENGINE=InnoDB DEFAULT CHARSET=utf8mb4;

-- --------------------------------------------------------

--
-- Table structure for table `data_history`
--

CREATE TABLE `data_history` (
  `id` int(11) NOT NULL,
  `dataset` mediumblob NOT NULL,
  `c_type` enum('average','random') NOT NULL,
  `n_cluster` int(11) NOT NULL,
  `n_iter` int(11) NOT NULL,
  `s_elbow` int(11) NOT NULL,
  `e_elbow` int(11) NOT NULL,
  `n_elbow_iter` int(11) NOT NULL,
  `created_at` timestamp NOT NULL DEFAULT current_timestamp(),
  `updated_at` timestamp NOT NULL DEFAULT current_timestamp()
) ENGINE=MyISAM DEFAULT CHARSET=utf8mb4;

--
-- Dumping data for table `data_history`
--

INSERT INTO `data_history` (`id`, `dataset`, `c_type`, `n_cluster`, `n_iter`, `s_elbow`, `e_elbow`, `n_elbow_iter`, `created_at`, `updated_at`) VALUES
(35, 0x504b030414000600080000002100c11710be4e070000c620000013000000786c2f7468656d652f7468656d65312e786d6cec59cd8b1b3714bf17fa3f0c7377fc35e38f25dee0cf6c93dd24649d941cb5b6ec5156333292bc1b13022539f55228a4a597426f3d94d240030dbdf48f0924b4e91fd127cdd823ade5249b6c4a5a760d8b47febda7a7f79e7e7af374f1d2bd987a47980bc292965fbe50f23d9c8cd89824d3967f6b3828347c4f48948c1165096ef90b2cfc4bdb9f7e72116dc908c7d803f9446ca1961f4939db2a16c5088691b8c0663881df268cc748c2239f16c71c1d83de98162ba552ad182392f85e8262507b7d322123ec0d954a7f7ba9bc4fe13191420d8c28df57aab125a1b1e3c3b2428885e852ee1d21daf2619e313b1ee27bd2f72812127e68f925fde717b72f16d1562644e50659436ea0ff32b94c607c58d173f2e9c16ad22008835a7ba55f03a85cc7f5ebfd5abfb6d2a70168348295a6b6d83aeb956e90610d50fad5a1bb57ef55cb16ded05f5db3b91daa8f85d7a0547fb0861f0cbae0450baf41293e5cc3879d66a767ebd7a0145f5bc3d74bed5e50b7f46b50444972b8862e85b56a77b9da1564c2e88e13de0c8341bd9229cf51900dabec52534c582237e55a8cee323e008002522449e2c9c50c4fd008b2b88b2839e0c4db25d308126f86122660b854290d4a55f8af3e81fea6238ab63032a4955d6089581b52f67862c4c94cb6fc2ba0d537202f9e3d7bfef0e9f387bf3d7ff4e8f9c35fb2b9b52a4b6e07255353eed58f5ffffdfd17de5fbffef0eaf137e9d427f1c2c4bffcf9cb97bffff13af5b0e2dc152fbe7df2f2e99317df7df5e74f8f1ddadb1c1d98f02189b1f0aee163ef268b61810efbf1013f9dc43042c4924011e876a8eecbc8025e5b20eac275b0edc2db1c58c605bc3cbf6bd9ba1ff1b9248e99af46b105dc638c7618773ae0aa9acbf0f0709e4cdd93f3b989bb89d0916bee2e4aac00f7e733a057e252d98db065e60d8a1289a638c1d253bfb1438c1dabbb4388e5d73d32e24cb089f4ee10af8388d32543726025522eb4436288cbc2652084daf2cdde6dafc3a86bd53d7c6423615b20ea307e88a9e5c6cb682e51ec52394431351dbe8b64e432727fc14726ae2f24447a8a29f3fa632c844be63a87f51a41bf0a0ce30efb1e5dc436924b72e8d2b98b1833913d76d88d503c73da4c92c8c47e260e214591778349177c8fd93b443d431c50b231dcb709b6c2fd6622b805e46a9a942788fa65ce1db1bc8c99bd1f177482b08b65da3cb6d8b5cd89333b3af3a995dabb1853748cc6187bb73e7358d06133cbe7b9d1572260951dec4aac2bc8ce55f59c60016592aa6bd6297297082b65f7f1946db0676f71827816288911dfa4f91a44dd4a5d38e59c547a9d8e0e4de03502e51fe48bd329d705e83092bbbf49eb8d085967977a16ee7c5d702b7e6fb3c7605fde3dedbe04197c6a1920f6b7f6cd10516b823c6186080a0c17dd828815fe5c449dab5a6cee949bd89b360f03144656bd1393e48dc5cf89b227fc77ca1e77017306058f5bf1fb943a9b2865e74481b309f71f2c6b7a689edcc07092ac73d67955735ed5f8fffbaa66d35e3eaf65ce6b99f35ac6f5f6f5416a99bc7c81ca26eff2e89e4fbcb1e5332194eecb05c5bb42777d04bcd18c0730a8db51ba27b96a01ce22f89a35982cdc94232de371263f2732da8fd00c5a4365ddc09c8a4cf554783326a063a487752b159fd0adfb4ef3788f8dd34e67b9acba9aa90b0592f978295c8d43974aa6e85a3defdeadd4eb7ee8547759970628d9d318614c661b517518515f0e42145e67845ed99958d17458d150ea97a15a4671e50a306d151578e5f6e045bde58741da4186661c94e76315a7b499bc8cae0ace99467a9333a9990150622f33208f7453d9ba71796a7569aabd45a42d238c74b38d30d2308217e12c3bcd96fb59c6ba9987d4324fb962b91b7233ea8d0f116b452227b881262653d0c43b6ef9b56a08b72a23346bf913e818c3d77806b923d45b17a253b87619499e6ef87761961917b28744943a5c934eca063191987b94c42d5f2d7f950d34d11ca26d2b5780103e5ae39a402b1f9b7110743bc87832c1236986dd18519e4e1f81e153ae70feaac5df1dac24d91cc2bd1f8d8fbd033ae73711a458582f2b078e89808b8372eacd31819bb01591e5f977e260ca68d7bc8ad239948e233a8b5076a298649ec23589aeccd14f2b1f184fd99ac1a1eb2e3c98aa03f6bd4fdd371fd5ca730669e667a6c52aead47493e9873be40dabf243d4b22aa56efd4e2d72ae6b2eb90e12d5794abce1d47d8b03c1302d9fcc324d59bc4ec38ab3b351dbb4332c080c4fd436f86d7546383df1ae273fc89dcc5a75402ceb4a9df8facadcbcd5660777813c7a707f38a752e850426f972328fad21bc89436608bdc93598d08dfbc39272dff7e296c07dd4ad82d941a61bf10548352a111b6ab85761856cbfdb05cea752a0fe06091515c0ed3ebfa015c61d0457669afc7d72eeee3e52dcd85118b8b4c5fcc17b5e1fae2be5cd97c71ef11209dfbb5caa0596d766a8566b53d2804bd4ea3d0ecd63a855ead5bef0d7addb0d11c3cf0bd230d0edad56e50eb370ab572b75b086a25657ea359a807954a3ba8b71bfda0fd202b6360e5297d64be00f76abbb6ff010000ffff0300504b0304140006000800000021008a7d91eacc030000a60d00000d000000786c2f7374796c65732e786d6ccc57596fdb38107e5f60ff83c07745472cd7362415751c0105ba4581a4c0be52126513e5a152742ab7e87fef90922c39dd6c0c07dd6ef2207238c73717878e5fb79c390f4435548a0405573e7288286449c536411fef3377819c46635162260549d08134e875fae71f71a30f8cdced08d10ea8104d82765ad72bcf6b8a1de1b8b9923511705249c5b186adda7a4dad082e1b23c49917fafedce3980ad46958f1e21c251cab4ffbda2d24afb1a63965541fac2ee4f062f5762ba4c23903a86d30c385d30673153aad1a8c58ea4f76382d946c64a5af40af27ab8a16e467b84b6fe9e162d4049a2fd314449e1f9ef8deaa0b35cd3c451ea8491f4ae34a0add3885dc0b9da06b006a42b0fa24e417919923c870cf95c6cd57e70133a004c84be34232a91c0da983c8598ac09c741c3798d15c51c356614ed9a123878660b3ddf3710ab13744cfe0e8d0a4716eb8fe235b473b16dbaff0c9bad6806f94b149a43b421a43496aa24406a74ebfbe3fd4105201ddd385068e9ee5de2a7c08c2e87c8146325a9ad46e6f6c22d5364f5096ad5f997fa3267feac09b403699b3f0ec07bccca52ae16e182a2a020b1d298d19a934e85574bb335f2d6b63456a0dfd93c625c55b293033c530484c25e14e81eb23417a07ed3f545f0fdab77fd67763a4b771a684c563e19c2900c007dc674a744e5ee8231525694999a0f9ec2c0f1ff33fe3df63f6e7bc7bccff22df7e77fecea8bbd38afd2d25d2f70374574118bb337df077756c31733fb79523f63ce3fa2dd4090c64739b0e4b68cf7ed9b553b7316d36d5d6e99ea89d5fa4d669aba3fea7400580af071522670465a64f2fede0ba66073380cc68e9772033eed6f69e19f76f18dd0a4e3a813486f9d36d9d9d54f42b283283ab807302731d5e2f9a1653ca1785eb7bd25a7326346df574509fc20ff4ff2f7e03ba2f0a08fa107f289531feb3c7f8dfef794e54669f63933c9c6465cc0384ed24e367580424a7117b99c5330a7f6af1f35e6af241918ab6bfaaae8652b2ad06cd35e9e093fe3d76a263de50097a6f62ce26d1c9f794692afea1774167d98eb7816f668436cf597b4f1cad406c4a52e13dd3f7c7c3048debbf4849f71cc2d3737da00f525b15091ad7efccec0ee6c60634cbbb06462d7c9dbda209fa76bb7eb5dcdc66a1bbf0d70b77764d227719ad376e34bb596f36d9d20ffd9bef9347f50b9ed4f63700d45b305b350c1edeaa77b6077f37d21234d974f0ed1405d853eccb70eebf8902dfcdaefdc09dcdf1c25dccaf23378b8270339fad6fa32c9a608f2e7c7afb5e10748f78033e5a69ca09a362c8d590a129159204db7f71c21b32e18d3fb0d21f000000ffff0300504b0304140006000800000021001942c1c5db0000003502000014000000786c2f736861726564537472696e67732e786d6c64d1c14ac4301080e1bbe03b84b9bbe974755d25c91e163c7a52d06368b3db4093743ba9e8db5b1114668ef30d813f8c397ca6517d849962c91670d3800ab92b7dcc670baf2f4f377b50547deefd5872b0f015080eeefaca1055b5becd6461a8757ad49aba21244f9b3285bc6e4e654ebeaee37cd634cdc1f7348450d3a8dba6d9e9e46306d59525570bed16d492e36509c73f7086a233d5a1d1d519fd33fc42cb61cbe196c31d871d877b0e7b0e0f1cb011225a51c4a2a845918ba21745308a6214c9289a5bd1fc5cf82fde38bcff835ecfeebe010000ffff0300504b0304140006000800000021002e9abe1f3e0100005902000011000801646f6350726f70732f636f72652e786d6c20a2040128a00001000000000000000000000000000000000000000000000000000000000000000000000000000000000000000000000000000000000000000000000000000000000000000000000000000000000000000000000000000000000000000000000000000000000000000000000000000000000000000000000000000000000000000000000000000000000000000000000000000000000000000000000000000000000000000000000000000000000000000000000000000000000000000000000000000000000000000000000000000000000000000000000000000000000000000000000000000000000000000000000000000000000000000000000000000000008c92cb4ec3301045f748fc43e47de23829885a492a1eea8a4a481481d859f6348d881dcb36a4fd7b9c47435059b0f4dc3b67ee8c9cad0eb20ebec0d8aa513922518c0250bc11952a73f4b25d873728b08e29c1ea46418e8e60d1aab8bcc8b8a6bc31f0641a0dc65560034f5296729da3bd739a626cf91e24b39177282fee1a2399f34f5362cdf8072b0127717c8d2538269863b803867a22a21129f884d49fa6ee018263a8418272169388e01faf0323ed9f0dbd3273caca1db5df698c3b670b3e8893fb60abc9d8b66dd4a67d0c9f9fe0b7cde373bf6a58a9ee561c5091094eb901e61a53dc7230199e15bae3d5ccba8dbff3ae0271771c3de775cfe9630f3010810f4287d827e535bd7fd8ae5191c4c92224244cd22d59d2784149fade8dfdd5df051b0a721cfe7fe2158d9733e2095064f8ec3314df000000ffff0300504b03041400060008000000210061490910890100001103000010000801646f6350726f70732f6170702e786d6c20a2040128a00001000000000000000000000000000000000000000000000000000000000000000000000000000000000000000000000000000000000000000000000000000000000000000000000000000000000000000000000000000000000000000000000000000000000000000000000000000000000000000000000000000000000000000000000000000000000000000000000000000000000000000000000000000000000000000000000000000000000000000000000000000000000000000000000000000000000000000000000000000000000000000000000000000000000000000000000000000000000000000000000000000000000000000000000000000000009c92416fdb300c85ef03fa1f0cdd1b39dd500c81ac624857f4b0610192b6674da663a1b22488ac91ecd78fb6d1d4d97aea8de47b78fa4449dd1c3a5ff490d1c55089e5a21405041b6b17f69578d8dd5d7e15059209b5f13140258e80e2465f7c529b1c13647280054704ac444b945652a26da133b86039b0d2c4dc19e236ef656c1a67e136da970e02c9abb2bc9670200835d497e91428a6c4554f1f0dada31df8f071774c0cacd5b794bcb386f896faa7b339626ca8f87eb0e0959c8b8ae9b6605fb2a3a32e959cb76a6b8d873507ebc6780425df06ea1eccb0b48d7119b5ea69d583a5980b747f786d57a2f86d10069c4af4263b1388b106dbd48cb54f48593fc5fc8c2d00a1926c98866339f7ce6bf7452f470317e7c621600261e11c71e7c803fe6a3626d33bc4cb39f1c830f14e38db816f3a73ce375e994ffa277b1dbb64c2918553f5c385677c48bb786b085ed7793e54dbd664a8f9054eeb3e0dd43d6f32fb2164dd9ab087fad5f3bf303cfee3f4c3f5f27a517e2ef95d673325dffeb2fe0b0000ffff0300504b01022d001400060008000000210062ee9d685e010000900400001300000000000000000000000000000000005b436f6e74656e745f54797065735d2e786d6c504b01022d0014000600080000002100b5553023f40000004c0200000b00000000000000000000000000970300005f72656c732f2e72656c73504b01022d00140006000800000021005843a3dc4a030000d10700000f00000000000000000000000000bc060000786c2f776f726b626f6f6b2e786d6c504b01022d0014000600080000002100813e9497f3000000ba0200001a00000000000000000000000000330a0000786c2f5f72656c732f776f726b626f6f6b2e786d6c2e72656c73504b01022d001400060008000000210000446359f5030000fc1000001800000000000000000000000000660c0000786c2f776f726b7368656574732f7368656574312e786d6c504b01022d0014000600080000002100c11710be4e070000c6200000130000000000000000000000000091100000786c2f7468656d652f7468656d65312e786d6c504b01022d00140006000800000021008a7d91eacc030000a60d00000d0000000000000000000000000010180000786c2f7374796c65732e786d6c504b01022d00140006000800000021001942c1c5db000000350200001400000000000000000000000000071c0000786c2f736861726564537472696e67732e786d6c504b01022d00140006000800000021002e9abe1f3e010000590200001100000000000000000000000000141d0000646f6350726f70732f636f72652e786d6c504b01022d00140006000800000021006149091089010000110300001000000000000000000000000000891f0000646f6350726f70732f6170702e786d6c504b0506000000000a000a0080020000482200000000, 'random', 4, 10, 1, 4, 10, '2024-11-26 05:03:13', '2024-11-26 05:03:13'),
(33, 0x504b030414000600080000002100c11710be4e070000c620000013000000786c2f7468656d652f7468656d65312e786d6cec59cd8b1b3714bf17fa3f0c7377fc35e38f25dee0cf6c93dd24649d941cb5b6ec5156333292bc1b13022539f55228a4a597426f3d94d240030dbdf48f0924b4e91fd127cdd823ade5249b6c4a5a760d8b47febda7a7f79e7e7af374f1d2bd987a47980bc292965fbe50f23d9c8cd89824d3967f6b3828347c4f48948c1165096ef90b2cfc4bdb9f7e72116dc908c7d803f9446ca1961f4939db2a16c5088691b8c0663881df268cc748c2239f16c71c1d83de98162ba552ad182392f85e8262507b7d322123ec0d954a7f7ba9bc4fe13191420d8c28df57aab125a1b1e3c3b2428885e852ee1d21daf2619e313b1ee27bd2f72812127e68f925fde717b72f16d1562644e50659436ea0ff32b94c607c58d173f2e9c16ad22008835a7ba55f03a85cc7f5ebfd5abfb6d2a70168348295a6b6d83aeb956e90610d50fad5a1bb57ef55cb16ded05f5db3b91daa8f85d7a0547fb0861f0cbae0450baf41293e5cc3879d66a767ebd7a0145f5bc3d74bed5e50b7f46b50444972b8862e85b56a77b9da1564c2e88e13de0c8341bd9229cf51900dabec52534c582237e55a8cee323e008002522449e2c9c50c4fd008b2b88b2839e0c4db25d308126f86122660b854290d4a55f8af3e81fea6238ab63032a4955d6089581b52f67862c4c94cb6fc2ba0d537202f9e3d7bfef0e9f387bf3d7ff4e8f9c35fb2b9b52a4b6e07255353eed58f5ffffdfd17de5fbffef0eaf137e9d427f1c2c4bffcf9cb97bffff13af5b0e2dc152fbe7df2f2e99317df7df5e74f8f1ddadb1c1d98f02189b1f0aee163ef268b61810efbf1013f9dc43042c4924011e876a8eecbc8025e5b20eac275b0edc2db1c58c605bc3cbf6bd9ba1ff1b9248e99af46b105dc638c7618773ae0aa9acbf0f0709e4cdd93f3b989bb89d0916bee2e4aac00f7e733a057e252d98db065e60d8a1289a638c1d253bfb1438c1dabbb4388e5d73d32e24cb089f4ee10af8388d32543726025522eb4436288cbc2652084daf2cdde6dafc3a86bd53d7c6423615b20ea307e88a9e5c6cb682e51ec52394431351dbe8b64e432727fc14726ae2f24447a8a29f3fa632c844be63a87f51a41bf0a0ce30efb1e5dc436924b72e8d2b98b1833913d76d88d503c73da4c92c8c47e260e214591778349177c8fd93b443d431c50b231dcb709b6c2fd6622b805e46a9a942788fa65ce1db1bc8c99bd1f177482b08b65da3cb6d8b5cd89333b3af3a995dabb1853748cc6187bb73e7358d06133cbe7b9d1572260951dec4aac2bc8ce55f59c60016592aa6bd6297297082b65f7f1946db0676f71827816288911dfa4f91a44dd4a5d38e59c547a9d8e0e4de03502e51fe48bd329d705e83092bbbf49eb8d085967977a16ee7c5d702b7e6fb3c7605fde3dedbe04197c6a1920f6b7f6cd10516b823c6186080a0c17dd828815fe5c449dab5a6cee949bd89b360f03144656bd1393e48dc5cf89b227fc77ca1e77017306058f5bf1fb943a9b2865e74481b309f71f2c6b7a689edcc07092ac73d67955735ed5f8fffbaa66d35e3eaf65ce6b99f35ac6f5f6f5416a99bc7c81ca26eff2e89e4fbcb1e5332194eecb05c5bb42777d04bcd18c0730a8db51ba27b96a01ce22f89a35982cdc94232de371263f2732da8fd00c5a4365ddc09c8a4cf554783326a063a487752b159fd0adfb4ef3788f8dd34e67b9acba9aa90b0592f978295c8d43974aa6e85a3defdeadd4eb7ee8547759970628d9d318614c661b517518515f0e42145e67845ed99958d17458d150ea97a15a4671e50a306d151578e5f6e045bde58741da4186661c94e76315a7b499bc8cae0ace99467a9333a9990150622f33208f7453d9ba71796a7569aabd45a42d238c74b38d30d2308217e12c3bcd96fb59c6ba9987d4324fb962b91b7233ea8d0f116b452227b881262653d0c43b6ef9b56a08b72a23346bf913e818c3d77806b923d45b17a253b87619499e6ef87761961917b28744943a5c934eca063191987b94c42d5f2d7f950d34d11ca26d2b5780103e5ae39a402b1f9b7110743bc87832c1236986dd18519e4e1f81e153ae70feaac5df1dac24d91cc2bd1f8d8fbd033ae73711a458582f2b078e89808b8372eacd31819bb01591e5f977e260ca68d7bc8ad239948e233a8b5076a298649ec23589aeccd14f2b1f184fd99ac1a1eb2e3c98aa03f6bd4fdd371fd5ca730669e667a6c52aead47493e9873be40dabf243d4b22aa56efd4e2d72ae6b2eb90e12d5794abce1d47d8b03c1302d9fcc324d59bc4ec38ab3b351dbb4332c080c4fd436f86d7546383df1ae273fc89dcc5a75402ceb4a9df8facadcbcd5660777813c7a707f38a752e850426f972328fad21bc89436608bdc93598d08dfbc39272dff7e296c07dd4ad82d941a61bf10548352a111b6ab85761856cbfdb05cea752a0fe06091515c0ed3ebfa015c61d0457669afc7d72eeee3e52dcd85118b8b4c5fcc17b5e1fae2be5cd97c71ef11209dfbb5caa0596d766a8566b53d2804bd4ea3d0ecd63a855ead5bef0d7addb0d11c3cf0bd230d0edad56e50eb370ab572b75b086a25657ea359a807954a3ba8b71bfda0fd202b6360e5297d64be00f76abbb6ff010000ffff0300504b0304140006000800000021008a7d91eacc030000a60d00000d000000786c2f7374796c65732e786d6ccc57596fdb38107e5f60ff83c07745472cd7362415751c0105ba4581a4c0be52126513e5a152742ab7e87fef90922c39dd6c0c07dd6ef2207238c73717878e5fb79c390f4435548a0405573e7288286449c536411fef3377819c46635162260549d08134e875fae71f71a30f8cdced08d10ea8104d82765ad72bcf6b8a1de1b8b9923511705249c5b186adda7a4dad082e1b23c49917fafedce3980ad46958f1e21c251cab4ffbda2d24afb1a63965541fac2ee4f062f5762ba4c23903a86d30c385d30673153aad1a8c58ea4f76382d946c64a5af40af27ab8a16e467b84b6fe9e162d4049a2fd314449e1f9ef8deaa0b35cd3c451ea8491f4ae34a0add3885dc0b9da06b006a42b0fa24e417919923c870cf95c6cd57e70133a004c84be34232a91c0da983c8598ac09c741c3798d15c51c356614ed9a123878660b3ddf3710ab13744cfe0e8d0a4716eb8fe235b473b16dbaff0c9bad6806f94b149a43b421a43496aa24406a74ebfbe3fd4105201ddd385068e9ee5de2a7c08c2e87c8146325a9ad46e6f6c22d5364f5096ad5f997fa3267feac09b403699b3f0ec07bccca52ae16e182a2a020b1d298d19a934e85574bb335f2d6b63456a0dfd93c625c55b293033c530484c25e14e81eb23417a07ed3f545f0fdab77fd67763a4b771a684c563e19c2900c007dc674a744e5ee8231525694999a0f9ec2c0f1ff33fe3df63f6e7bc7bccff22df7e77fecea8bbd38afd2d25d2f70374574118bb337df077756c31733fb79523f63ce3fa2dd4090c64739b0e4b68cf7ed9b553b7316d36d5d6e99ea89d5fa4d669aba3fea7400580af071522670465a64f2fede0ba66073380cc68e9772033eed6f69e19f76f18dd0a4e3a813486f9d36d9d9d54f42b283283ab807302731d5e2f9a1653ca1785eb7bd25a7326346df574509fc20ff4ff2f7e03ba2f0a08fa107f289531feb3c7f8dfef794e54669f63933c9c6465cc0384ed24e367580424a7117b99c5330a7f6af1f35e6af241918ab6bfaaae8652b2ad06cd35e9e093fe3d76a263de50097a6f62ce26d1c9f794692afea1774167d98eb7816f668436cf597b4f1cad406c4a52e13dd3f7c7c3048debbf4849f71cc2d3737da00f525b15091ad7efccec0ee6c60634cbbb06462d7c9dbda209fa76bb7eb5dcdc66a1bbf0d70b77764d227719ad376e34bb596f36d9d20ffd9bef9347f50b9ed4f63700d45b305b350c1edeaa77b6077f37d21234d974f0ed1405d853eccb70eebf8902dfcdaefdc09dcdf1c25dccaf23378b8270339fad6fa32c9a608f2e7c7afb5e10748f78033e5a69ca09a362c8d590a129159204db7f71c21b32e18d3fb0d21f000000ffff0300504b0304140006000800000021001942c1c5db0000003502000014000000786c2f736861726564537472696e67732e786d6c64d1c14ac4301080e1bbe03b84b9bbe974755d25c91e163c7a52d06368b3db4093743ba9e8db5b1114668ef30d813f8c397ca6517d849962c91670d3800ab92b7dcc670baf2f4f377b50547deefd5872b0f015080eeefaca1055b5becd6461a8757ad49aba21244f9b3285bc6e4e654ebeaee37cd634cdc1f7348450d3a8dba6d9e9e46306d59525570bed16d492e36509c73f7086a233d5a1d1d519fd33fc42cb61cbe196c31d871d877b0e7b0e0f1cb011225a51c4a2a845918ba21745308a6214c9289a5bd1fc5cf82fde38bcff835ecfeebe010000ffff0300504b0304140006000800000021002e9abe1f3e0100005902000011000801646f6350726f70732f636f72652e786d6c20a2040128a00001000000000000000000000000000000000000000000000000000000000000000000000000000000000000000000000000000000000000000000000000000000000000000000000000000000000000000000000000000000000000000000000000000000000000000000000000000000000000000000000000000000000000000000000000000000000000000000000000000000000000000000000000000000000000000000000000000000000000000000000000000000000000000000000000000000000000000000000000000000000000000000000000000000000000000000000000000000000000000000000000000000000000000000000000000000008c92cb4ec3301045f748fc43e47de23829885a492a1eea8a4a481481d859f6348d881dcb36a4fd7b9c47435059b0f4dc3b67ee8c9cad0eb20ebec0d8aa513922518c0250bc11952a73f4b25d873728b08e29c1ea46418e8e60d1aab8bcc8b8a6bc31f0641a0dc65560034f5296729da3bd739a626cf91e24b39177282fee1a2399f34f5362cdf8072b0127717c8d2538269863b803867a22a21129f884d49fa6ee018263a8418272169388e01faf0323ed9f0dbd3273caca1db5df698c3b670b3e8893fb60abc9d8b66dd4a67d0c9f9fe0b7cde373bf6a58a9ee561c5091094eb901e61a53dc7230199e15bae3d5ccba8dbff3ae0271771c3de775cfe9630f3010810f4287d827e535bd7fd8ae5191c4c92224244cd22d59d2784149fade8dfdd5df051b0a721cfe7fe2158d9733e2095064f8ec3314df000000ffff0300504b03041400060008000000210061490910890100001103000010000801646f6350726f70732f6170702e786d6c20a2040128a00001000000000000000000000000000000000000000000000000000000000000000000000000000000000000000000000000000000000000000000000000000000000000000000000000000000000000000000000000000000000000000000000000000000000000000000000000000000000000000000000000000000000000000000000000000000000000000000000000000000000000000000000000000000000000000000000000000000000000000000000000000000000000000000000000000000000000000000000000000000000000000000000000000000000000000000000000000000000000000000000000000000000000000000000000000000009c92416fdb300c85ef03fa1f0cdd1b39dd500c81ac624857f4b0610192b6674da663a1b22488ac91ecd78fb6d1d4d97aea8de47b78fa4449dd1c3a5ff490d1c55089e5a21405041b6b17f69578d8dd5d7e15059209b5f13140258e80e2465f7c529b1c13647280054704ac444b945652a26da133b86039b0d2c4dc19e236ef656c1a67e136da970e02c9abb2bc9670200835d497e91428a6c4554f1f0dada31df8f071774c0cacd5b794bcb386f896faa7b339626ca8f87eb0e0959c8b8ae9b6605fb2a3a32e959cb76a6b8d873507ebc6780425df06ea1eccb0b48d7119b5ea69d583a5980b747f786d57a2f86d10069c4af4263b1388b106dbd48cb54f48593fc5fc8c2d00a1926c98866339f7ce6bf7452f470317e7c621600261e11c71e7c803fe6a3626d33bc4cb39f1c830f14e38db816f3a73ce375e994ffa277b1dbb64c2918553f5c385677c48bb786b085ed7793e54dbd664a8f9054eeb3e0dd43d6f32fb2164dd9ab087fad5f3bf303cfee3f4c3f5f27a517e2ef95d673325dffeb2fe0b0000ffff0300504b01022d001400060008000000210062ee9d685e010000900400001300000000000000000000000000000000005b436f6e74656e745f54797065735d2e786d6c504b01022d0014000600080000002100b5553023f40000004c0200000b00000000000000000000000000970300005f72656c732f2e72656c73504b01022d00140006000800000021005843a3dc4a030000d10700000f00000000000000000000000000bc060000786c2f776f726b626f6f6b2e786d6c504b01022d0014000600080000002100813e9497f3000000ba0200001a00000000000000000000000000330a0000786c2f5f72656c732f776f726b626f6f6b2e786d6c2e72656c73504b01022d001400060008000000210000446359f5030000fc1000001800000000000000000000000000660c0000786c2f776f726b7368656574732f7368656574312e786d6c504b01022d0014000600080000002100c11710be4e070000c6200000130000000000000000000000000091100000786c2f7468656d652f7468656d65312e786d6c504b01022d00140006000800000021008a7d91eacc030000a60d00000d0000000000000000000000000010180000786c2f7374796c65732e786d6c504b01022d00140006000800000021001942c1c5db000000350200001400000000000000000000000000071c0000786c2f736861726564537472696e67732e786d6c504b01022d00140006000800000021002e9abe1f3e010000590200001100000000000000000000000000141d0000646f6350726f70732f636f72652e786d6c504b01022d00140006000800000021006149091089010000110300001000000000000000000000000000891f0000646f6350726f70732f6170702e786d6c504b0506000000000a000a0080020000482200000000, 'random', 4, 10, 1, 4, 10, '2024-11-26 05:00:40', '2024-11-26 05:00:40'),
(34, 0x504b030414000600080000002100c11710be4e070000c620000013000000786c2f7468656d652f7468656d65312e786d6cec59cd8b1b3714bf17fa3f0c7377fc35e38f25dee0cf6c93dd24649d941cb5b6ec5156333292bc1b13022539f55228a4a597426f3d94d240030dbdf48f0924b4e91fd127cdd823ade5249b6c4a5a760d8b47febda7a7f79e7e7af374f1d2bd987a47980bc292965fbe50f23d9c8cd89824d3967f6b3828347c4f48948c1165096ef90b2cfc4bdb9f7e72116dc908c7d803f9446ca1961f4939db2a16c5088691b8c0663881df268cc748c2239f16c71c1d83de98162ba552ad182392f85e8262507b7d322123ec0d954a7f7ba9bc4fe13191420d8c28df57aab125a1b1e3c3b2428885e852ee1d21daf2619e313b1ee27bd2f72812127e68f925fde717b72f16d1562644e50659436ea0ff32b94c607c58d173f2e9c16ad22008835a7ba55f03a85cc7f5ebfd5abfb6d2a70168348295a6b6d83aeb956e90610d50fad5a1bb57ef55cb16ded05f5db3b91daa8f85d7a0547fb0861f0cbae0450baf41293e5cc3879d66a767ebd7a0145f5bc3d74bed5e50b7f46b50444972b8862e85b56a77b9da1564c2e88e13de0c8341bd9229cf51900dabec52534c582237e55a8cee323e008002522449e2c9c50c4fd008b2b88b2839e0c4db25d308126f86122660b854290d4a55f8af3e81fea6238ab63032a4955d6089581b52f67862c4c94cb6fc2ba0d537202f9e3d7bfef0e9f387bf3d7ff4e8f9c35fb2b9b52a4b6e07255353eed58f5ffffdfd17de5fbffef0eaf137e9d427f1c2c4bffcf9cb97bffff13af5b0e2dc152fbe7df2f2e99317df7df5e74f8f1ddadb1c1d98f02189b1f0aee163ef268b61810efbf1013f9dc43042c4924011e876a8eecbc8025e5b20eac275b0edc2db1c58c605bc3cbf6bd9ba1ff1b9248e99af46b105dc638c7618773ae0aa9acbf0f0709e4cdd93f3b989bb89d0916bee2e4aac00f7e733a057e252d98db065e60d8a1289a638c1d253bfb1438c1dabbb4388e5d73d32e24cb089f4ee10af8388d32543726025522eb4436288cbc2652084daf2cdde6dafc3a86bd53d7c6423615b20ea307e88a9e5c6cb682e51ec52394431351dbe8b64e432727fc14726ae2f24447a8a29f3fa632c844be63a87f51a41bf0a0ce30efb1e5dc436924b72e8d2b98b1833913d76d88d503c73da4c92c8c47e260e214591778349177c8fd93b443d431c50b231dcb709b6c2fd6622b805e46a9a942788fa65ce1db1bc8c99bd1f177482b08b65da3cb6d8b5cd89333b3af3a995dabb1853748cc6187bb73e7358d06133cbe7b9d1572260951dec4aac2bc8ce55f59c60016592aa6bd6297297082b65f7f1946db0676f71827816288911dfa4f91a44dd4a5d38e59c547a9d8e0e4de03502e51fe48bd329d705e83092bbbf49eb8d085967977a16ee7c5d702b7e6fb3c7605fde3dedbe04197c6a1920f6b7f6cd10516b823c6186080a0c17dd828815fe5c449dab5a6cee949bd89b360f03144656bd1393e48dc5cf89b227fc77ca1e77017306058f5bf1fb943a9b2865e74481b309f71f2c6b7a689edcc07092ac73d67955735ed5f8fffbaa66d35e3eaf65ce6b99f35ac6f5f6f5416a99bc7c81ca26eff2e89e4fbcb1e5332194eecb05c5bb42777d04bcd18c0730a8db51ba27b96a01ce22f89a35982cdc94232de371263f2732da8fd00c5a4365ddc09c8a4cf554783326a063a487752b159fd0adfb4ef3788f8dd34e67b9acba9aa90b0592f978295c8d43974aa6e85a3defdeadd4eb7ee8547759970628d9d318614c661b517518515f0e42145e67845ed99958d17458d150ea97a15a4671e50a306d151578e5f6e045bde58741da4186661c94e76315a7b499bc8cae0ace99467a9333a9990150622f33208f7453d9ba71796a7569aabd45a42d238c74b38d30d2308217e12c3bcd96fb59c6ba9987d4324fb962b91b7233ea8d0f116b452227b881262653d0c43b6ef9b56a08b72a23346bf913e818c3d77806b923d45b17a253b87619499e6ef87761961917b28744943a5c934eca063191987b94c42d5f2d7f950d34d11ca26d2b5780103e5ae39a402b1f9b7110743bc87832c1236986dd18519e4e1f81e153ae70feaac5df1dac24d91cc2bd1f8d8fbd033ae73711a458582f2b078e89808b8372eacd31819bb01591e5f977e260ca68d7bc8ad239948e233a8b5076a298649ec23589aeccd14f2b1f184fd99ac1a1eb2e3c98aa03f6bd4fdd371fd5ca730669e667a6c52aead47493e9873be40dabf243d4b22aa56efd4e2d72ae6b2eb90e12d5794abce1d47d8b03c1302d9fcc324d59bc4ec38ab3b351dbb4332c080c4fd436f86d7546383df1ae273fc89dcc5a75402ceb4a9df8facadcbcd5660777813c7a707f38a752e850426f972328fad21bc89436608bdc93598d08dfbc39272dff7e296c07dd4ad82d941a61bf10548352a111b6ab85761856cbfdb05cea752a0fe06091515c0ed3ebfa015c61d0457669afc7d72eeee3e52dcd85118b8b4c5fcc17b5e1fae2be5cd97c71ef11209dfbb5caa0596d766a8566b53d2804bd4ea3d0ecd63a855ead5bef0d7addb0d11c3cf0bd230d0edad56e50eb370ab572b75b086a25657ea359a807954a3ba8b71bfda0fd202b6360e5297d64be00f76abbb6ff010000ffff0300504b0304140006000800000021008a7d91eacc030000a60d00000d000000786c2f7374796c65732e786d6ccc57596fdb38107e5f60ff83c07745472cd7362415751c0105ba4581a4c0be52126513e5a152742ab7e87fef90922c39dd6c0c07dd6ef2207238c73717878e5fb79c390f4435548a0405573e7288286449c536411fef3377819c46635162260549d08134e875fae71f71a30f8cdced08d10ea8104d82765ad72bcf6b8a1de1b8b9923511705249c5b186adda7a4dad082e1b23c49917fafedce3980ad46958f1e21c251cab4ffbda2d24afb1a63965541fac2ee4f062f5762ba4c23903a86d30c385d30673153aad1a8c58ea4f76382d946c64a5af40af27ab8a16e467b84b6fe9e162d4049a2fd314449e1f9ef8deaa0b35cd3c451ea8491f4ae34a0add3885dc0b9da06b006a42b0fa24e417919923c870cf95c6cd57e70133a004c84be34232a91c0da983c8598ac09c741c3798d15c51c356614ed9a123878660b3ddf3710ab13744cfe0e8d0a4716eb8fe235b473b16dbaff0c9bad6806f94b149a43b421a43496aa24406a74ebfbe3fd4105201ddd385068e9ee5de2a7c08c2e87c8146325a9ad46e6f6c22d5364f5096ad5f997fa3267feac09b403699b3f0ec07bccca52ae16e182a2a020b1d298d19a934e85574bb335f2d6b63456a0dfd93c625c55b293033c530484c25e14e81eb23417a07ed3f545f0fdab77fd67763a4b771a684c563e19c2900c007dc674a744e5ee8231525694999a0f9ec2c0f1ff33fe3df63f6e7bc7bccff22df7e77fecea8bbd38afd2d25d2f70374574118bb337df077756c31733fb79523f63ce3fa2dd4090c64739b0e4b68cf7ed9b553b7316d36d5d6e99ea89d5fa4d669aba3fea7400580af071522670465a64f2fede0ba66073380cc68e9772033eed6f69e19f76f18dd0a4e3a813486f9d36d9d9d54f42b283283ab807302731d5e2f9a1653ca1785eb7bd25a7326346df574509fc20ff4ff2f7e03ba2f0a08fa107f289531feb3c7f8dfef794e54669f63933c9c6465cc0384ed24e367580424a7117b99c5330a7f6af1f35e6af241918ab6bfaaae8652b2ad06cd35e9e093fe3d76a263de50097a6f62ce26d1c9f794692afea1774167d98eb7816f668436cf597b4f1cad406c4a52e13dd3f7c7c3048debbf4849f71cc2d3737da00f525b15091ad7efccec0ee6c60634cbbb06462d7c9dbda209fa76bb7eb5dcdc66a1bbf0d70b77764d227719ad376e34bb596f36d9d20ffd9bef9347f50b9ed4f63700d45b305b350c1edeaa77b6077f37d21234d974f0ed1405d853eccb70eebf8902dfcdaefdc09dcdf1c25dccaf23378b8270339fad6fa32c9a608f2e7c7afb5e10748f78033e5a69ca09a362c8d590a129159204db7f71c21b32e18d3fb0d21f000000ffff0300504b0304140006000800000021001942c1c5db0000003502000014000000786c2f736861726564537472696e67732e786d6c64d1c14ac4301080e1bbe03b84b9bbe974755d25c91e163c7a52d06368b3db4093743ba9e8db5b1114668ef30d813f8c397ca6517d849962c91670d3800ab92b7dcc670baf2f4f377b50547deefd5872b0f015080eeefaca1055b5becd6461a8757ad49aba21244f9b3285bc6e4e654ebeaee37cd634cdc1f7348450d3a8dba6d9e9e46306d59525570bed16d492e36509c73f7086a233d5a1d1d519fd33fc42cb61cbe196c31d871d877b0e7b0e0f1cb011225a51c4a2a845918ba21745308a6214c9289a5bd1fc5cf82fde38bcff835ecfeebe010000ffff0300504b0304140006000800000021002e9abe1f3e0100005902000011000801646f6350726f70732f636f72652e786d6c20a2040128a00001000000000000000000000000000000000000000000000000000000000000000000000000000000000000000000000000000000000000000000000000000000000000000000000000000000000000000000000000000000000000000000000000000000000000000000000000000000000000000000000000000000000000000000000000000000000000000000000000000000000000000000000000000000000000000000000000000000000000000000000000000000000000000000000000000000000000000000000000000000000000000000000000000000000000000000000000000000000000000000000000000000000000000000000000000000008c92cb4ec3301045f748fc43e47de23829885a492a1eea8a4a481481d859f6348d881dcb36a4fd7b9c47435059b0f4dc3b67ee8c9cad0eb20ebec0d8aa513922518c0250bc11952a73f4b25d873728b08e29c1ea46418e8e60d1aab8bcc8b8a6bc31f0641a0dc65560034f5296729da3bd739a626cf91e24b39177282fee1a2399f34f5362cdf8072b0127717c8d2538269863b803867a22a21129f884d49fa6ee018263a8418272169388e01faf0323ed9f0dbd3273caca1db5df698c3b670b3e8893fb60abc9d8b66dd4a67d0c9f9fe0b7cde373bf6a58a9ee561c5091094eb901e61a53dc7230199e15bae3d5ccba8dbff3ae0271771c3de775cfe9630f3010810f4287d827e535bd7fd8ae5191c4c92224244cd22d59d2784149fade8dfdd5df051b0a721cfe7fe2158d9733e2095064f8ec3314df000000ffff0300504b03041400060008000000210061490910890100001103000010000801646f6350726f70732f6170702e786d6c20a2040128a00001000000000000000000000000000000000000000000000000000000000000000000000000000000000000000000000000000000000000000000000000000000000000000000000000000000000000000000000000000000000000000000000000000000000000000000000000000000000000000000000000000000000000000000000000000000000000000000000000000000000000000000000000000000000000000000000000000000000000000000000000000000000000000000000000000000000000000000000000000000000000000000000000000000000000000000000000000000000000000000000000000000000000000000000000000000009c92416fdb300c85ef03fa1f0cdd1b39dd500c81ac624857f4b0610192b6674da663a1b22488ac91ecd78fb6d1d4d97aea8de47b78fa4449dd1c3a5ff490d1c55089e5a21405041b6b17f69578d8dd5d7e15059209b5f13140258e80e2465f7c529b1c13647280054704ac444b945652a26da133b86039b0d2c4dc19e236ef656c1a67e136da970e02c9abb2bc9670200835d497e91428a6c4554f1f0dada31df8f071774c0cacd5b794bcb386f896faa7b339626ca8f87eb0e0959c8b8ae9b6605fb2a3a32e959cb76a6b8d873507ebc6780425df06ea1eccb0b48d7119b5ea69d583a5980b747f786d57a2f86d10069c4af4263b1388b106dbd48cb54f48593fc5fc8c2d00a1926c98866339f7ce6bf7452f470317e7c621600261e11c71e7c803fe6a3626d33bc4cb39f1c830f14e38db816f3a73ce375e994ffa277b1dbb64c2918553f5c385677c48bb786b085ed7793e54dbd664a8f9054eeb3e0dd43d6f32fb2164dd9ab087fad5f3bf303cfee3f4c3f5f27a517e2ef95d673325dffeb2fe0b0000ffff0300504b01022d001400060008000000210062ee9d685e010000900400001300000000000000000000000000000000005b436f6e74656e745f54797065735d2e786d6c504b01022d0014000600080000002100b5553023f40000004c0200000b00000000000000000000000000970300005f72656c732f2e72656c73504b01022d00140006000800000021005843a3dc4a030000d10700000f00000000000000000000000000bc060000786c2f776f726b626f6f6b2e786d6c504b01022d0014000600080000002100813e9497f3000000ba0200001a00000000000000000000000000330a0000786c2f5f72656c732f776f726b626f6f6b2e786d6c2e72656c73504b01022d001400060008000000210000446359f5030000fc1000001800000000000000000000000000660c0000786c2f776f726b7368656574732f7368656574312e786d6c504b01022d0014000600080000002100c11710be4e070000c6200000130000000000000000000000000091100000786c2f7468656d652f7468656d65312e786d6c504b01022d00140006000800000021008a7d91eacc030000a60d00000d0000000000000000000000000010180000786c2f7374796c65732e786d6c504b01022d00140006000800000021001942c1c5db000000350200001400000000000000000000000000071c0000786c2f736861726564537472696e67732e786d6c504b01022d00140006000800000021002e9abe1f3e010000590200001100000000000000000000000000141d0000646f6350726f70732f636f72652e786d6c504b01022d00140006000800000021006149091089010000110300001000000000000000000000000000891f0000646f6350726f70732f6170702e786d6c504b0506000000000a000a0080020000482200000000, 'random', 4, 10, 1, 4, 10, '2024-11-26 05:00:48', '2024-11-26 05:00:48'),
(36, 0x504b030414000600080000002100c11710be4e070000c620000013000000786c2f7468656d652f7468656d65312e786d6cec59cd8b1b3714bf17fa3f0c7377fc35e38f25dee0cf6c93dd24649d941cb5b6ec5156333292bc1b13022539f55228a4a597426f3d94d240030dbdf48f0924b4e91fd127cdd823ade5249b6c4a5a760d8b47febda7a7f79e7e7af374f1d2bd987a47980bc292965fbe50f23d9c8cd89824d3967f6b3828347c4f48948c1165096ef90b2cfc4bdb9f7e72116dc908c7d803f9446ca1961f4939db2a16c5088691b8c0663881df268cc748c2239f16c71c1d83de98162ba552ad182392f85e8262507b7d322123ec0d954a7f7ba9bc4fe13191420d8c28df57aab125a1b1e3c3b2428885e852ee1d21daf2619e313b1ee27bd2f72812127e68f925fde717b72f16d1562644e50659436ea0ff32b94c607c58d173f2e9c16ad22008835a7ba55f03a85cc7f5ebfd5abfb6d2a70168348295a6b6d83aeb956e90610d50fad5a1bb57ef55cb16ded05f5db3b91daa8f85d7a0547fb0861f0cbae0450baf41293e5cc3879d66a767ebd7a0145f5bc3d74bed5e50b7f46b50444972b8862e85b56a77b9da1564c2e88e13de0c8341bd9229cf51900dabec52534c582237e55a8cee323e008002522449e2c9c50c4fd008b2b88b2839e0c4db25d308126f86122660b854290d4a55f8af3e81fea6238ab63032a4955d6089581b52f67862c4c94cb6fc2ba0d537202f9e3d7bfef0e9f387bf3d7ff4e8f9c35fb2b9b52a4b6e07255353eed58f5ffffdfd17de5fbffef0eaf137e9d427f1c2c4bffcf9cb97bffff13af5b0e2dc152fbe7df2f2e99317df7df5e74f8f1ddadb1c1d98f02189b1f0aee163ef268b61810efbf1013f9dc43042c4924011e876a8eecbc8025e5b20eac275b0edc2db1c58c605bc3cbf6bd9ba1ff1b9248e99af46b105dc638c7618773ae0aa9acbf0f0709e4cdd93f3b989bb89d0916bee2e4aac00f7e733a057e252d98db065e60d8a1289a638c1d253bfb1438c1dabbb4388e5d73d32e24cb089f4ee10af8388d32543726025522eb4436288cbc2652084daf2cdde6dafc3a86bd53d7c6423615b20ea307e88a9e5c6cb682e51ec52394431351dbe8b64e432727fc14726ae2f24447a8a29f3fa632c844be63a87f51a41bf0a0ce30efb1e5dc436924b72e8d2b98b1833913d76d88d503c73da4c92c8c47e260e214591778349177c8fd93b443d431c50b231dcb709b6c2fd6622b805e46a9a942788fa65ce1db1bc8c99bd1f177482b08b65da3cb6d8b5cd89333b3af3a995dabb1853748cc6187bb73e7358d06133cbe7b9d1572260951dec4aac2bc8ce55f59c60016592aa6bd6297297082b65f7f1946db0676f71827816288911dfa4f91a44dd4a5d38e59c547a9d8e0e4de03502e51fe48bd329d705e83092bbbf49eb8d085967977a16ee7c5d702b7e6fb3c7605fde3dedbe04197c6a1920f6b7f6cd10516b823c6186080a0c17dd828815fe5c449dab5a6cee949bd89b360f03144656bd1393e48dc5cf89b227fc77ca1e77017306058f5bf1fb943a9b2865e74481b309f71f2c6b7a689edcc07092ac73d67955735ed5f8fffbaa66d35e3eaf65ce6b99f35ac6f5f6f5416a99bc7c81ca26eff2e89e4fbcb1e5332194eecb05c5bb42777d04bcd18c0730a8db51ba27b96a01ce22f89a35982cdc94232de371263f2732da8fd00c5a4365ddc09c8a4cf554783326a063a487752b159fd0adfb4ef3788f8dd34e67b9acba9aa90b0592f978295c8d43974aa6e85a3defdeadd4eb7ee8547759970628d9d318614c661b517518515f0e42145e67845ed99958d17458d150ea97a15a4671e50a306d151578e5f6e045bde58741da4186661c94e76315a7b499bc8cae0ace99467a9333a9990150622f33208f7453d9ba71796a7569aabd45a42d238c74b38d30d2308217e12c3bcd96fb59c6ba9987d4324fb962b91b7233ea8d0f116b452227b881262653d0c43b6ef9b56a08b72a23346bf913e818c3d77806b923d45b17a253b87619499e6ef87761961917b28744943a5c934eca063191987b94c42d5f2d7f950d34d11ca26d2b5780103e5ae39a402b1f9b7110743bc87832c1236986dd18519e4e1f81e153ae70feaac5df1dac24d91cc2bd1f8d8fbd033ae73711a458582f2b078e89808b8372eacd31819bb01591e5f977e260ca68d7bc8ad239948e233a8b5076a298649ec23589aeccd14f2b1f184fd99ac1a1eb2e3c98aa03f6bd4fdd371fd5ca730669e667a6c52aead47493e9873be40dabf243d4b22aa56efd4e2d72ae6b2eb90e12d5794abce1d47d8b03c1302d9fcc324d59bc4ec38ab3b351dbb4332c080c4fd436f86d7546383df1ae273fc89dcc5a75402ceb4a9df8facadcbcd5660777813c7a707f38a752e850426f972328fad21bc89436608bdc93598d08dfbc39272dff7e296c07dd4ad82d941a61bf10548352a111b6ab85761856cbfdb05cea752a0fe06091515c0ed3ebfa015c61d0457669afc7d72eeee3e52dcd85118b8b4c5fcc17b5e1fae2be5cd97c71ef11209dfbb5caa0596d766a8566b53d2804bd4ea3d0ecd63a855ead5bef0d7addb0d11c3cf0bd230d0edad56e50eb370ab572b75b086a25657ea359a807954a3ba8b71bfda0fd202b6360e5297d64be00f76abbb6ff010000ffff0300504b0304140006000800000021008a7d91eacc030000a60d00000d000000786c2f7374796c65732e786d6ccc57596fdb38107e5f60ff83c07745472cd7362415751c0105ba4581a4c0be52126513e5a152742ab7e87fef90922c39dd6c0c07dd6ef2207238c73717878e5fb79c390f4435548a0405573e7288286449c536411fef3377819c46635162260549d08134e875fae71f71a30f8cdced08d10ea8104d82765ad72bcf6b8a1de1b8b9923511705249c5b186adda7a4dad082e1b23c49917fafedce3980ad46958f1e21c251cab4ffbda2d24afb1a63965541fac2ee4f062f5762ba4c23903a86d30c385d30673153aad1a8c58ea4f76382d946c64a5af40af27ab8a16e467b84b6fe9e162d4049a2fd314449e1f9ef8deaa0b35cd3c451ea8491f4ae34a0add3885dc0b9da06b006a42b0fa24e417919923c870cf95c6cd57e70133a004c84be34232a91c0da983c8598ac09c741c3798d15c51c356614ed9a123878660b3ddf3710ab13744cfe0e8d0a4716eb8fe235b473b16dbaff0c9bad6806f94b149a43b421a43496aa24406a74ebfbe3fd4105201ddd385068e9ee5de2a7c08c2e87c8146325a9ad46e6f6c22d5364f5096ad5f997fa3267feac09b403699b3f0ec07bccca52ae16e182a2a020b1d298d19a934e85574bb335f2d6b63456a0dfd93c625c55b293033c530484c25e14e81eb23417a07ed3f545f0fdab77fd67763a4b771a684c563e19c2900c007dc674a744e5ee8231525694999a0f9ec2c0f1ff33fe3df63f6e7bc7bccff22df7e77fecea8bbd38afd2d25d2f70374574118bb337df077756c31733fb79523f63ce3fa2dd4090c64739b0e4b68cf7ed9b553b7316d36d5d6e99ea89d5fa4d669aba3fea7400580af071522670465a64f2fede0ba66073380cc68e9772033eed6f69e19f76f18dd0a4e3a813486f9d36d9d9d54f42b283283ab807302731d5e2f9a1653ca1785eb7bd25a7326346df574509fc20ff4ff2f7e03ba2f0a08fa107f289531feb3c7f8dfef794e54669f63933c9c6465cc0384ed24e367580424a7117b99c5330a7f6af1f35e6af241918ab6bfaaae8652b2ad06cd35e9e093fe3d76a263de50097a6f62ce26d1c9f794692afea1774167d98eb7816f668436cf597b4f1cad406c4a52e13dd3f7c7c3048debbf4849f71cc2d3737da00f525b15091ad7efccec0ee6c60634cbbb06462d7c9dbda209fa76bb7eb5dcdc66a1bbf0d70b77764d227719ad376e34bb596f36d9d20ffd9bef9347f50b9ed4f63700d45b305b350c1edeaa77b6077f37d21234d974f0ed1405d853eccb70eebf8902dfcdaefdc09dcdf1c25dccaf23378b8270339fad6fa32c9a608f2e7c7afb5e10748f78033e5a69ca09a362c8d590a129159204db7f71c21b32e18d3fb0d21f000000ffff0300504b0304140006000800000021001942c1c5db0000003502000014000000786c2f736861726564537472696e67732e786d6c64d1c14ac4301080e1bbe03b84b9bbe974755d25c91e163c7a52d06368b3db4093743ba9e8db5b1114668ef30d813f8c397ca6517d849962c91670d3800ab92b7dcc670baf2f4f377b50547deefd5872b0f015080eeefaca1055b5becd6461a8757ad49aba21244f9b3285bc6e4e654ebeaee37cd634cdc1f7348450d3a8dba6d9e9e46306d59525570bed16d492e36509c73f7086a233d5a1d1d519fd33fc42cb61cbe196c31d871d877b0e7b0e0f1cb011225a51c4a2a845918ba21745308a6214c9289a5bd1fc5cf82fde38bcff835ecfeebe010000ffff0300504b0304140006000800000021002e9abe1f3e0100005902000011000801646f6350726f70732f636f72652e786d6c20a2040128a00001000000000000000000000000000000000000000000000000000000000000000000000000000000000000000000000000000000000000000000000000000000000000000000000000000000000000000000000000000000000000000000000000000000000000000000000000000000000000000000000000000000000000000000000000000000000000000000000000000000000000000000000000000000000000000000000000000000000000000000000000000000000000000000000000000000000000000000000000000000000000000000000000000000000000000000000000000000000000000000000000000000000000000000000000000000008c92cb4ec3301045f748fc43e47de23829885a492a1eea8a4a481481d859f6348d881dcb36a4fd7b9c47435059b0f4dc3b67ee8c9cad0eb20ebec0d8aa513922518c0250bc11952a73f4b25d873728b08e29c1ea46418e8e60d1aab8bcc8b8a6bc31f0641a0dc65560034f5296729da3bd739a626cf91e24b39177282fee1a2399f34f5362cdf8072b0127717c8d2538269863b803867a22a21129f884d49fa6ee018263a8418272169388e01faf0323ed9f0dbd3273caca1db5df698c3b670b3e8893fb60abc9d8b66dd4a67d0c9f9fe0b7cde373bf6a58a9ee561c5091094eb901e61a53dc7230199e15bae3d5ccba8dbff3ae0271771c3de775cfe9630f3010810f4287d827e535bd7fd8ae5191c4c92224244cd22d59d2784149fade8dfdd5df051b0a721cfe7fe2158d9733e2095064f8ec3314df000000ffff0300504b03041400060008000000210061490910890100001103000010000801646f6350726f70732f6170702e786d6c20a2040128a00001000000000000000000000000000000000000000000000000000000000000000000000000000000000000000000000000000000000000000000000000000000000000000000000000000000000000000000000000000000000000000000000000000000000000000000000000000000000000000000000000000000000000000000000000000000000000000000000000000000000000000000000000000000000000000000000000000000000000000000000000000000000000000000000000000000000000000000000000000000000000000000000000000000000000000000000000000000000000000000000000000000000000000000000000000000009c92416fdb300c85ef03fa1f0cdd1b39dd500c81ac624857f4b0610192b6674da663a1b22488ac91ecd78fb6d1d4d97aea8de47b78fa4449dd1c3a5ff490d1c55089e5a21405041b6b17f69578d8dd5d7e15059209b5f13140258e80e2465f7c529b1c13647280054704ac444b945652a26da133b86039b0d2c4dc19e236ef656c1a67e136da970e02c9abb2bc9670200835d497e91428a6c4554f1f0dada31df8f071774c0cacd5b794bcb386f896faa7b339626ca8f87eb0e0959c8b8ae9b6605fb2a3a32e959cb76a6b8d873507ebc6780425df06ea1eccb0b48d7119b5ea69d583a5980b747f786d57a2f86d10069c4af4263b1388b106dbd48cb54f48593fc5fc8c2d00a1926c98866339f7ce6bf7452f470317e7c621600261e11c71e7c803fe6a3626d33bc4cb39f1c830f14e38db816f3a73ce375e994ffa277b1dbb64c2918553f5c385677c48bb786b085ed7793e54dbd664a8f9054eeb3e0dd43d6f32fb2164dd9ab087fad5f3bf303cfee3f4c3f5f27a517e2ef95d673325dffeb2fe0b0000ffff0300504b01022d001400060008000000210062ee9d685e010000900400001300000000000000000000000000000000005b436f6e74656e745f54797065735d2e786d6c504b01022d0014000600080000002100b5553023f40000004c0200000b00000000000000000000000000970300005f72656c732f2e72656c73504b01022d00140006000800000021005843a3dc4a030000d10700000f00000000000000000000000000bc060000786c2f776f726b626f6f6b2e786d6c504b01022d0014000600080000002100813e9497f3000000ba0200001a00000000000000000000000000330a0000786c2f5f72656c732f776f726b626f6f6b2e786d6c2e72656c73504b01022d001400060008000000210000446359f5030000fc1000001800000000000000000000000000660c0000786c2f776f726b7368656574732f7368656574312e786d6c504b01022d0014000600080000002100c11710be4e070000c6200000130000000000000000000000000091100000786c2f7468656d652f7468656d65312e786d6c504b01022d00140006000800000021008a7d91eacc030000a60d00000d0000000000000000000000000010180000786c2f7374796c65732e786d6c504b01022d00140006000800000021001942c1c5db000000350200001400000000000000000000000000071c0000786c2f736861726564537472696e67732e786d6c504b01022d00140006000800000021002e9abe1f3e010000590200001100000000000000000000000000141d0000646f6350726f70732f636f72652e786d6c504b01022d00140006000800000021006149091089010000110300001000000000000000000000000000891f0000646f6350726f70732f6170702e786d6c504b0506000000000a000a0080020000482200000000, 'random', 4, 10, 1, 4, 10, '2024-11-26 05:03:28', '2024-11-26 05:03:28');
INSERT INTO `data_history` (`id`, `dataset`, `c_type`, `n_cluster`, `n_iter`, `s_elbow`, `e_elbow`, `n_elbow_iter`, `created_at`, `updated_at`) VALUES
(37, 0x504b030414000600080000002100c11710be4e070000c620000013000000786c2f7468656d652f7468656d65312e786d6cec59cd8b1b3714bf17fa3f0c7377fc35e38f25dee0cf6c93dd24649d941cb5b6ec5156333292bc1b13022539f55228a4a597426f3d94d240030dbdf48f0924b4e91fd127cdd823ade5249b6c4a5a760d8b47febda7a7f79e7e7af374f1d2bd987a47980bc292965fbe50f23d9c8cd89824d3967f6b3828347c4f48948c1165096ef90b2cfc4bdb9f7e72116dc908c7d803f9446ca1961f4939db2a16c5088691b8c0663881df268cc748c2239f16c71c1d83de98162ba552ad182392f85e8262507b7d322123ec0d954a7f7ba9bc4fe13191420d8c28df57aab125a1b1e3c3b2428885e852ee1d21daf2619e313b1ee27bd2f72812127e68f925fde717b72f16d1562644e50659436ea0ff32b94c607c58d173f2e9c16ad22008835a7ba55f03a85cc7f5ebfd5abfb6d2a70168348295a6b6d83aeb956e90610d50fad5a1bb57ef55cb16ded05f5db3b91daa8f85d7a0547fb0861f0cbae0450baf41293e5cc3879d66a767ebd7a0145f5bc3d74bed5e50b7f46b50444972b8862e85b56a77b9da1564c2e88e13de0c8341bd9229cf51900dabec52534c582237e55a8cee323e008002522449e2c9c50c4fd008b2b88b2839e0c4db25d308126f86122660b854290d4a55f8af3e81fea6238ab63032a4955d6089581b52f67862c4c94cb6fc2ba0d537202f9e3d7bfef0e9f387bf3d7ff4e8f9c35fb2b9b52a4b6e07255353eed58f5ffffdfd17de5fbffef0eaf137e9d427f1c2c4bffcf9cb97bffff13af5b0e2dc152fbe7df2f2e99317df7df5e74f8f1ddadb1c1d98f02189b1f0aee163ef268b61810efbf1013f9dc43042c4924011e876a8eecbc8025e5b20eac275b0edc2db1c58c605bc3cbf6bd9ba1ff1b9248e99af46b105dc638c7618773ae0aa9acbf0f0709e4cdd93f3b989bb89d0916bee2e4aac00f7e733a057e252d98db065e60d8a1289a638c1d253bfb1438c1dabbb4388e5d73d32e24cb089f4ee10af8388d32543726025522eb4436288cbc2652084daf2cdde6dafc3a86bd53d7c6423615b20ea307e88a9e5c6cb682e51ec52394431351dbe8b64e432727fc14726ae2f24447a8a29f3fa632c844be63a87f51a41bf0a0ce30efb1e5dc436924b72e8d2b98b1833913d76d88d503c73da4c92c8c47e260e214591778349177c8fd93b443d431c50b231dcb709b6c2fd6622b805e46a9a942788fa65ce1db1bc8c99bd1f177482b08b65da3cb6d8b5cd89333b3af3a995dabb1853748cc6187bb73e7358d06133cbe7b9d1572260951dec4aac2bc8ce55f59c60016592aa6bd6297297082b65f7f1946db0676f71827816288911dfa4f91a44dd4a5d38e59c547a9d8e0e4de03502e51fe48bd329d705e83092bbbf49eb8d085967977a16ee7c5d702b7e6fb3c7605fde3dedbe04197c6a1920f6b7f6cd10516b823c6186080a0c17dd828815fe5c449dab5a6cee949bd89b360f03144656bd1393e48dc5cf89b227fc77ca1e77017306058f5bf1fb943a9b2865e74481b309f71f2c6b7a689edcc07092ac73d67955735ed5f8fffbaa66d35e3eaf65ce6b99f35ac6f5f6f5416a99bc7c81ca26eff2e89e4fbcb1e5332194eecb05c5bb42777d04bcd18c0730a8db51ba27b96a01ce22f89a35982cdc94232de371263f2732da8fd00c5a4365ddc09c8a4cf554783326a063a487752b159fd0adfb4ef3788f8dd34e67b9acba9aa90b0592f978295c8d43974aa6e85a3defdeadd4eb7ee8547759970628d9d318614c661b517518515f0e42145e67845ed99958d17458d150ea97a15a4671e50a306d151578e5f6e045bde58741da4186661c94e76315a7b499bc8cae0ace99467a9333a9990150622f33208f7453d9ba71796a7569aabd45a42d238c74b38d30d2308217e12c3bcd96fb59c6ba9987d4324fb962b91b7233ea8d0f116b452227b881262653d0c43b6ef9b56a08b72a23346bf913e818c3d77806b923d45b17a253b87619499e6ef87761961917b28744943a5c934eca063191987b94c42d5f2d7f950d34d11ca26d2b5780103e5ae39a402b1f9b7110743bc87832c1236986dd18519e4e1f81e153ae70feaac5df1dac24d91cc2bd1f8d8fbd033ae73711a458582f2b078e89808b8372eacd31819bb01591e5f977e260ca68d7bc8ad239948e233a8b5076a298649ec23589aeccd14f2b1f184fd99ac1a1eb2e3c98aa03f6bd4fdd371fd5ca730669e667a6c52aead47493e9873be40dabf243d4b22aa56efd4e2d72ae6b2eb90e12d5794abce1d47d8b03c1302d9fcc324d59bc4ec38ab3b351dbb4332c080c4fd436f86d7546383df1ae273fc89dcc5a75402ceb4a9df8facadcbcd5660777813c7a707f38a752e850426f972328fad21bc89436608bdc93598d08dfbc39272dff7e296c07dd4ad82d941a61bf10548352a111b6ab85761856cbfdb05cea752a0fe06091515c0ed3ebfa015c61d0457669afc7d72eeee3e52dcd85118b8b4c5fcc17b5e1fae2be5cd97c71ef11209dfbb5caa0596d766a8566b53d2804bd4ea3d0ecd63a855ead5bef0d7addb0d11c3cf0bd230d0edad56e50eb370ab572b75b086a25657ea359a807954a3ba8b71bfda0fd202b6360e5297d64be00f76abbb6ff010000ffff0300504b0304140006000800000021008a7d91eacc030000a60d00000d000000786c2f7374796c65732e786d6ccc57596fdb38107e5f60ff83c07745472cd7362415751c0105ba4581a4c0be52126513e5a152742ab7e87fef90922c39dd6c0c07dd6ef2207238c73717878e5fb79c390f4435548a0405573e7288286449c536411fef3377819c46635162260549d08134e875fae71f71a30f8cdced08d10ea8104d82765ad72bcf6b8a1de1b8b9923511705249c5b186adda7a4dad082e1b23c49917fafedce3980ad46958f1e21c251cab4ffbda2d24afb1a63965541fac2ee4f062f5762ba4c23903a86d30c385d30673153aad1a8c58ea4f76382d946c64a5af40af27ab8a16e467b84b6fe9e162d4049a2fd314449e1f9ef8deaa0b35cd3c451ea8491f4ae34a0add3885dc0b9da06b006a42b0fa24e417919923c870cf95c6cd57e70133a004c84be34232a91c0da983c8598ac09c741c3798d15c51c356614ed9a123878660b3ddf3710ab13744cfe0e8d0a4716eb8fe235b473b16dbaff0c9bad6806f94b149a43b421a43496aa24406a74ebfbe3fd4105201ddd385068e9ee5de2a7c08c2e87c8146325a9ad46e6f6c22d5364f5096ad5f997fa3267feac09b403699b3f0ec07bccca52ae16e182a2a020b1d298d19a934e85574bb335f2d6b63456a0dfd93c625c55b293033c530484c25e14e81eb23417a07ed3f545f0fdab77fd67763a4b771a684c563e19c2900c007dc674a744e5ee8231525694999a0f9ec2c0f1ff33fe3df63f6e7bc7bccff22df7e77fecea8bbd38afd2d25d2f70374574118bb337df077756c31733fb79523f63ce3fa2dd4090c64739b0e4b68cf7ed9b553b7316d36d5d6e99ea89d5fa4d669aba3fea7400580af071522670465a64f2fede0ba66073380cc68e9772033eed6f69e19f76f18dd0a4e3a813486f9d36d9d9d54f42b283283ab807302731d5e2f9a1653ca1785eb7bd25a7326346df574509fc20ff4ff2f7e03ba2f0a08fa107f289531feb3c7f8dfef794e54669f63933c9c6465cc0384ed24e367580424a7117b99c5330a7f6af1f35e6af241918ab6bfaaae8652b2ad06cd35e9e093fe3d76a263de50097a6f62ce26d1c9f794692afea1774167d98eb7816f668436cf597b4f1cad406c4a52e13dd3f7c7c3048debbf4849f71cc2d3737da00f525b15091ad7efccec0ee6c60634cbbb06462d7c9dbda209fa76bb7eb5dcdc66a1bbf0d70b77764d227719ad376e34bb596f36d9d20ffd9bef9347f50b9ed4f63700d45b305b350c1edeaa77b6077f37d21234d974f0ed1405d853eccb70eebf8902dfcdaefdc09dcdf1c25dccaf23378b8270339fad6fa32c9a608f2e7c7afb5e10748f78033e5a69ca09a362c8d590a129159204db7f71c21b32e18d3fb0d21f000000ffff0300504b0304140006000800000021001942c1c5db0000003502000014000000786c2f736861726564537472696e67732e786d6c64d1c14ac4301080e1bbe03b84b9bbe974755d25c91e163c7a52d06368b3db4093743ba9e8db5b1114668ef30d813f8c397ca6517d849962c91670d3800ab92b7dcc670baf2f4f377b50547deefd5872b0f015080eeefaca1055b5becd6461a8757ad49aba21244f9b3285bc6e4e654ebeaee37cd634cdc1f7348450d3a8dba6d9e9e46306d59525570bed16d492e36509c73f7086a233d5a1d1d519fd33fc42cb61cbe196c31d871d877b0e7b0e0f1cb011225a51c4a2a845918ba21745308a6214c9289a5bd1fc5cf82fde38bcff835ecfeebe010000ffff0300504b0304140006000800000021002e9abe1f3e0100005902000011000801646f6350726f70732f636f72652e786d6c20a2040128a00001000000000000000000000000000000000000000000000000000000000000000000000000000000000000000000000000000000000000000000000000000000000000000000000000000000000000000000000000000000000000000000000000000000000000000000000000000000000000000000000000000000000000000000000000000000000000000000000000000000000000000000000000000000000000000000000000000000000000000000000000000000000000000000000000000000000000000000000000000000000000000000000000000000000000000000000000000000000000000000000000000000000000000000000000000000008c92cb4ec3301045f748fc43e47de23829885a492a1eea8a4a481481d859f6348d881dcb36a4fd7b9c47435059b0f4dc3b67ee8c9cad0eb20ebec0d8aa513922518c0250bc11952a73f4b25d873728b08e29c1ea46418e8e60d1aab8bcc8b8a6bc31f0641a0dc65560034f5296729da3bd739a626cf91e24b39177282fee1a2399f34f5362cdf8072b0127717c8d2538269863b803867a22a21129f884d49fa6ee018263a8418272169388e01faf0323ed9f0dbd3273caca1db5df698c3b670b3e8893fb60abc9d8b66dd4a67d0c9f9fe0b7cde373bf6a58a9ee561c5091094eb901e61a53dc7230199e15bae3d5ccba8dbff3ae0271771c3de775cfe9630f3010810f4287d827e535bd7fd8ae5191c4c92224244cd22d59d2784149fade8dfdd5df051b0a721cfe7fe2158d9733e2095064f8ec3314df000000ffff0300504b03041400060008000000210061490910890100001103000010000801646f6350726f70732f6170702e786d6c20a2040128a00001000000000000000000000000000000000000000000000000000000000000000000000000000000000000000000000000000000000000000000000000000000000000000000000000000000000000000000000000000000000000000000000000000000000000000000000000000000000000000000000000000000000000000000000000000000000000000000000000000000000000000000000000000000000000000000000000000000000000000000000000000000000000000000000000000000000000000000000000000000000000000000000000000000000000000000000000000000000000000000000000000000000000000000000000000000009c92416fdb300c85ef03fa1f0cdd1b39dd500c81ac624857f4b0610192b6674da663a1b22488ac91ecd78fb6d1d4d97aea8de47b78fa4449dd1c3a5ff490d1c55089e5a21405041b6b17f69578d8dd5d7e15059209b5f13140258e80e2465f7c529b1c13647280054704ac444b945652a26da133b86039b0d2c4dc19e236ef656c1a67e136da970e02c9abb2bc9670200835d497e91428a6c4554f1f0dada31df8f071774c0cacd5b794bcb386f896faa7b339626ca8f87eb0e0959c8b8ae9b6605fb2a3a32e959cb76a6b8d873507ebc6780425df06ea1eccb0b48d7119b5ea69d583a5980b747f786d57a2f86d10069c4af4263b1388b106dbd48cb54f48593fc5fc8c2d00a1926c98866339f7ce6bf7452f470317e7c621600261e11c71e7c803fe6a3626d33bc4cb39f1c830f14e38db816f3a73ce375e994ffa277b1dbb64c2918553f5c385677c48bb786b085ed7793e54dbd664a8f9054eeb3e0dd43d6f32fb2164dd9ab087fad5f3bf303cfee3f4c3f5f27a517e2ef95d673325dffeb2fe0b0000ffff0300504b01022d001400060008000000210062ee9d685e010000900400001300000000000000000000000000000000005b436f6e74656e745f54797065735d2e786d6c504b01022d0014000600080000002100b5553023f40000004c0200000b00000000000000000000000000970300005f72656c732f2e72656c73504b01022d00140006000800000021005843a3dc4a030000d10700000f00000000000000000000000000bc060000786c2f776f726b626f6f6b2e786d6c504b01022d0014000600080000002100813e9497f3000000ba0200001a00000000000000000000000000330a0000786c2f5f72656c732f776f726b626f6f6b2e786d6c2e72656c73504b01022d001400060008000000210000446359f5030000fc1000001800000000000000000000000000660c0000786c2f776f726b7368656574732f7368656574312e786d6c504b01022d0014000600080000002100c11710be4e070000c6200000130000000000000000000000000091100000786c2f7468656d652f7468656d65312e786d6c504b01022d00140006000800000021008a7d91eacc030000a60d00000d0000000000000000000000000010180000786c2f7374796c65732e786d6c504b01022d00140006000800000021001942c1c5db000000350200001400000000000000000000000000071c0000786c2f736861726564537472696e67732e786d6c504b01022d00140006000800000021002e9abe1f3e010000590200001100000000000000000000000000141d0000646f6350726f70732f636f72652e786d6c504b01022d00140006000800000021006149091089010000110300001000000000000000000000000000891f0000646f6350726f70732f6170702e786d6c504b0506000000000a000a0080020000482200000000, 'random', 4, 10, 1, 4, 10, '2024-11-26 05:05:10', '2024-11-26 05:05:10'),
(38, 0x504b030414000600080000002100c11710be4e070000c620000013000000786c2f7468656d652f7468656d65312e786d6cec59cd8b1b3714bf17fa3f0c7377fc35e38f25dee0cf6c93dd24649d941cb5b6ec5156333292bc1b13022539f55228a4a597426f3d94d240030dbdf48f0924b4e91fd127cdd823ade5249b6c4a5a760d8b47febda7a7f79e7e7af374f1d2bd987a47980bc292965fbe50f23d9c8cd89824d3967f6b3828347c4f48948c1165096ef90b2cfc4bdb9f7e72116dc908c7d803f9446ca1961f4939db2a16c5088691b8c0663881df268cc748c2239f16c71c1d83de98162ba552ad182392f85e8262507b7d322123ec0d954a7f7ba9bc4fe13191420d8c28df57aab125a1b1e3c3b2428885e852ee1d21daf2619e313b1ee27bd2f72812127e68f925fde717b72f16d1562644e50659436ea0ff32b94c607c58d173f2e9c16ad22008835a7ba55f03a85cc7f5ebfd5abfb6d2a70168348295a6b6d83aeb956e90610d50fad5a1bb57ef55cb16ded05f5db3b91daa8f85d7a0547fb0861f0cbae0450baf41293e5cc3879d66a767ebd7a0145f5bc3d74bed5e50b7f46b50444972b8862e85b56a77b9da1564c2e88e13de0c8341bd9229cf51900dabec52534c582237e55a8cee323e008002522449e2c9c50c4fd008b2b88b2839e0c4db25d308126f86122660b854290d4a55f8af3e81fea6238ab63032a4955d6089581b52f67862c4c94cb6fc2ba0d537202f9e3d7bfef0e9f387bf3d7ff4e8f9c35fb2b9b52a4b6e07255353eed58f5ffffdfd17de5fbffef0eaf137e9d427f1c2c4bffcf9cb97bffff13af5b0e2dc152fbe7df2f2e99317df7df5e74f8f1ddadb1c1d98f02189b1f0aee163ef268b61810efbf1013f9dc43042c4924011e876a8eecbc8025e5b20eac275b0edc2db1c58c605bc3cbf6bd9ba1ff1b9248e99af46b105dc638c7618773ae0aa9acbf0f0709e4cdd93f3b989bb89d0916bee2e4aac00f7e733a057e252d98db065e60d8a1289a638c1d253bfb1438c1dabbb4388e5d73d32e24cb089f4ee10af8388d32543726025522eb4436288cbc2652084daf2cdde6dafc3a86bd53d7c6423615b20ea307e88a9e5c6cb682e51ec52394431351dbe8b64e432727fc14726ae2f24447a8a29f3fa632c844be63a87f51a41bf0a0ce30efb1e5dc436924b72e8d2b98b1833913d76d88d503c73da4c92c8c47e260e214591778349177c8fd93b443d431c50b231dcb709b6c2fd6622b805e46a9a942788fa65ce1db1bc8c99bd1f177482b08b65da3cb6d8b5cd89333b3af3a995dabb1853748cc6187bb73e7358d06133cbe7b9d1572260951dec4aac2bc8ce55f59c60016592aa6bd6297297082b65f7f1946db0676f71827816288911dfa4f91a44dd4a5d38e59c547a9d8e0e4de03502e51fe48bd329d705e83092bbbf49eb8d085967977a16ee7c5d702b7e6fb3c7605fde3dedbe04197c6a1920f6b7f6cd10516b823c6186080a0c17dd828815fe5c449dab5a6cee949bd89b360f03144656bd1393e48dc5cf89b227fc77ca1e77017306058f5bf1fb943a9b2865e74481b309f71f2c6b7a689edcc07092ac73d67955735ed5f8fffbaa66d35e3eaf65ce6b99f35ac6f5f6f5416a99bc7c81ca26eff2e89e4fbcb1e5332194eecb05c5bb42777d04bcd18c0730a8db51ba27b96a01ce22f89a35982cdc94232de371263f2732da8fd00c5a4365ddc09c8a4cf554783326a063a487752b159fd0adfb4ef3788f8dd34e67b9acba9aa90b0592f978295c8d43974aa6e85a3defdeadd4eb7ee8547759970628d9d318614c661b517518515f0e42145e67845ed99958d17458d150ea97a15a4671e50a306d151578e5f6e045bde58741da4186661c94e76315a7b499bc8cae0ace99467a9333a9990150622f33208f7453d9ba71796a7569aabd45a42d238c74b38d30d2308217e12c3bcd96fb59c6ba9987d4324fb962b91b7233ea8d0f116b452227b881262653d0c43b6ef9b56a08b72a23346bf913e818c3d77806b923d45b17a253b87619499e6ef87761961917b28744943a5c934eca063191987b94c42d5f2d7f950d34d11ca26d2b5780103e5ae39a402b1f9b7110743bc87832c1236986dd18519e4e1f81e153ae70feaac5df1dac24d91cc2bd1f8d8fbd033ae73711a458582f2b078e89808b8372eacd31819bb01591e5f977e260ca68d7bc8ad239948e233a8b5076a298649ec23589aeccd14f2b1f184fd99ac1a1eb2e3c98aa03f6bd4fdd371fd5ca730669e667a6c52aead47493e9873be40dabf243d4b22aa56efd4e2d72ae6b2eb90e12d5794abce1d47d8b03c1302d9fcc324d59bc4ec38ab3b351dbb4332c080c4fd436f86d7546383df1ae273fc89dcc5a75402ceb4a9df8facadcbcd5660777813c7a707f38a752e850426f972328fad21bc89436608bdc93598d08dfbc39272dff7e296c07dd4ad82d941a61bf10548352a111b6ab85761856cbfdb05cea752a0fe06091515c0ed3ebfa015c61d0457669afc7d72eeee3e52dcd85118b8b4c5fcc17b5e1fae2be5cd97c71ef11209dfbb5caa0596d766a8566b53d2804bd4ea3d0ecd63a855ead5bef0d7addb0d11c3cf0bd230d0edad56e50eb370ab572b75b086a25657ea359a807954a3ba8b71bfda0fd202b6360e5297d64be00f76abbb6ff010000ffff0300504b0304140006000800000021008a7d91eacc030000a60d00000d000000786c2f7374796c65732e786d6ccc57596fdb38107e5f60ff83c07745472cd7362415751c0105ba4581a4c0be52126513e5a152742ab7e87fef90922c39dd6c0c07dd6ef2207238c73717878e5fb79c390f4435548a0405573e7288286449c536411fef3377819c46635162260549d08134e875fae71f71a30f8cdced08d10ea8104d82765ad72bcf6b8a1de1b8b9923511705249c5b186adda7a4dad082e1b23c49917fafedce3980ad46958f1e21c251cab4ffbda2d24afb1a63965541fac2ee4f062f5762ba4c23903a86d30c385d30673153aad1a8c58ea4f76382d946c64a5af40af27ab8a16e467b84b6fe9e162d4049a2fd314449e1f9ef8deaa0b35cd3c451ea8491f4ae34a0add3885dc0b9da06b006a42b0fa24e417919923c870cf95c6cd57e70133a004c84be34232a91c0da983c8598ac09c741c3798d15c51c356614ed9a123878660b3ddf3710ab13744cfe0e8d0a4716eb8fe235b473b16dbaff0c9bad6806f94b149a43b421a43496aa24406a74ebfbe3fd4105201ddd385068e9ee5de2a7c08c2e87c8146325a9ad46e6f6c22d5364f5096ad5f997fa3267feac09b403699b3f0ec07bccca52ae16e182a2a020b1d298d19a934e85574bb335f2d6b63456a0dfd93c625c55b293033c530484c25e14e81eb23417a07ed3f545f0fdab77fd67763a4b771a684c563e19c2900c007dc674a744e5ee8231525694999a0f9ec2c0f1ff33fe3df63f6e7bc7bccff22df7e77fecea8bbd38afd2d25d2f70374574118bb337df077756c31733fb79523f63ce3fa2dd4090c64739b0e4b68cf7ed9b553b7316d36d5d6e99ea89d5fa4d669aba3fea7400580af071522670465a64f2fede0ba66073380cc68e9772033eed6f69e19f76f18dd0a4e3a813486f9d36d9d9d54f42b283283ab807302731d5e2f9a1653ca1785eb7bd25a7326346df574509fc20ff4ff2f7e03ba2f0a08fa107f289531feb3c7f8dfef794e54669f63933c9c6465cc0384ed24e367580424a7117b99c5330a7f6af1f35e6af241918ab6bfaaae8652b2ad06cd35e9e093fe3d76a263de50097a6f62ce26d1c9f794692afea1774167d98eb7816f668436cf597b4f1cad406c4a52e13dd3f7c7c3048debbf4849f71cc2d3737da00f525b15091ad7efccec0ee6c60634cbbb06462d7c9dbda209fa76bb7eb5dcdc66a1bbf0d70b77764d227719ad376e34bb596f36d9d20ffd9bef9347f50b9ed4f63700d45b305b350c1edeaa77b6077f37d21234d974f0ed1405d853eccb70eebf8902dfcdaefdc09dcdf1c25dccaf23378b8270339fad6fa32c9a608f2e7c7afb5e10748f78033e5a69ca09a362c8d590a129159204db7f71c21b32e18d3fb0d21f000000ffff0300504b0304140006000800000021001942c1c5db0000003502000014000000786c2f736861726564537472696e67732e786d6c64d1c14ac4301080e1bbe03b84b9bbe974755d25c91e163c7a52d06368b3db4093743ba9e8db5b1114668ef30d813f8c397ca6517d849962c91670d3800ab92b7dcc670baf2f4f377b50547deefd5872b0f015080eeefaca1055b5becd6461a8757ad49aba21244f9b3285bc6e4e654ebeaee37cd634cdc1f7348450d3a8dba6d9e9e46306d59525570bed16d492e36509c73f7086a233d5a1d1d519fd33fc42cb61cbe196c31d871d877b0e7b0e0f1cb011225a51c4a2a845918ba21745308a6214c9289a5bd1fc5cf82fde38bcff835ecfeebe010000ffff0300504b0304140006000800000021002e9abe1f3e0100005902000011000801646f6350726f70732f636f72652e786d6c20a2040128a00001000000000000000000000000000000000000000000000000000000000000000000000000000000000000000000000000000000000000000000000000000000000000000000000000000000000000000000000000000000000000000000000000000000000000000000000000000000000000000000000000000000000000000000000000000000000000000000000000000000000000000000000000000000000000000000000000000000000000000000000000000000000000000000000000000000000000000000000000000000000000000000000000000000000000000000000000000000000000000000000000000000000000000000000000000000008c92cb4ec3301045f748fc43e47de23829885a492a1eea8a4a481481d859f6348d881dcb36a4fd7b9c47435059b0f4dc3b67ee8c9cad0eb20ebec0d8aa513922518c0250bc11952a73f4b25d873728b08e29c1ea46418e8e60d1aab8bcc8b8a6bc31f0641a0dc65560034f5296729da3bd739a626cf91e24b39177282fee1a2399f34f5362cdf8072b0127717c8d2538269863b803867a22a21129f884d49fa6ee018263a8418272169388e01faf0323ed9f0dbd3273caca1db5df698c3b670b3e8893fb60abc9d8b66dd4a67d0c9f9fe0b7cde373bf6a58a9ee561c5091094eb901e61a53dc7230199e15bae3d5ccba8dbff3ae0271771c3de775cfe9630f3010810f4287d827e535bd7fd8ae5191c4c92224244cd22d59d2784149fade8dfdd5df051b0a721cfe7fe2158d9733e2095064f8ec3314df000000ffff0300504b03041400060008000000210061490910890100001103000010000801646f6350726f70732f6170702e786d6c20a2040128a00001000000000000000000000000000000000000000000000000000000000000000000000000000000000000000000000000000000000000000000000000000000000000000000000000000000000000000000000000000000000000000000000000000000000000000000000000000000000000000000000000000000000000000000000000000000000000000000000000000000000000000000000000000000000000000000000000000000000000000000000000000000000000000000000000000000000000000000000000000000000000000000000000000000000000000000000000000000000000000000000000000000000000000000000000000000009c92416fdb300c85ef03fa1f0cdd1b39dd500c81ac624857f4b0610192b6674da663a1b22488ac91ecd78fb6d1d4d97aea8de47b78fa4449dd1c3a5ff490d1c55089e5a21405041b6b17f69578d8dd5d7e15059209b5f13140258e80e2465f7c529b1c13647280054704ac444b945652a26da133b86039b0d2c4dc19e236ef656c1a67e136da970e02c9abb2bc9670200835d497e91428a6c4554f1f0dada31df8f071774c0cacd5b794bcb386f896faa7b339626ca8f87eb0e0959c8b8ae9b6605fb2a3a32e959cb76a6b8d873507ebc6780425df06ea1eccb0b48d7119b5ea69d583a5980b747f786d57a2f86d10069c4af4263b1388b106dbd48cb54f48593fc5fc8c2d00a1926c98866339f7ce6bf7452f470317e7c621600261e11c71e7c803fe6a3626d33bc4cb39f1c830f14e38db816f3a73ce375e994ffa277b1dbb64c2918553f5c385677c48bb786b085ed7793e54dbd664a8f9054eeb3e0dd43d6f32fb2164dd9ab087fad5f3bf303cfee3f4c3f5f27a517e2ef95d673325dffeb2fe0b0000ffff0300504b01022d001400060008000000210062ee9d685e010000900400001300000000000000000000000000000000005b436f6e74656e745f54797065735d2e786d6c504b01022d0014000600080000002100b5553023f40000004c0200000b00000000000000000000000000970300005f72656c732f2e72656c73504b01022d00140006000800000021005843a3dc4a030000d10700000f00000000000000000000000000bc060000786c2f776f726b626f6f6b2e786d6c504b01022d0014000600080000002100813e9497f3000000ba0200001a00000000000000000000000000330a0000786c2f5f72656c732f776f726b626f6f6b2e786d6c2e72656c73504b01022d001400060008000000210000446359f5030000fc1000001800000000000000000000000000660c0000786c2f776f726b7368656574732f7368656574312e786d6c504b01022d0014000600080000002100c11710be4e070000c6200000130000000000000000000000000091100000786c2f7468656d652f7468656d65312e786d6c504b01022d00140006000800000021008a7d91eacc030000a60d00000d0000000000000000000000000010180000786c2f7374796c65732e786d6c504b01022d00140006000800000021001942c1c5db000000350200001400000000000000000000000000071c0000786c2f736861726564537472696e67732e786d6c504b01022d00140006000800000021002e9abe1f3e010000590200001100000000000000000000000000141d0000646f6350726f70732f636f72652e786d6c504b01022d00140006000800000021006149091089010000110300001000000000000000000000000000891f0000646f6350726f70732f6170702e786d6c504b0506000000000a000a0080020000482200000000, 'random', 4, 10, 1, 4, 10, '2024-11-26 05:05:53', '2024-11-26 05:05:53'),
(39, 0x504b030414000600080000002100c11710be4e070000c620000013000000786c2f7468656d652f7468656d65312e786d6cec59cd8b1b3714bf17fa3f0c7377fc35e38f25dee0cf6c93dd24649d941cb5b6ec5156333292bc1b13022539f55228a4a597426f3d94d240030dbdf48f0924b4e91fd127cdd823ade5249b6c4a5a760d8b47febda7a7f79e7e7af374f1d2bd987a47980bc292965fbe50f23d9c8cd89824d3967f6b3828347c4f48948c1165096ef90b2cfc4bdb9f7e72116dc908c7d803f9446ca1961f4939db2a16c5088691b8c0663881df268cc748c2239f16c71c1d83de98162ba552ad182392f85e8262507b7d322123ec0d954a7f7ba9bc4fe13191420d8c28df57aab125a1b1e3c3b2428885e852ee1d21daf2619e313b1ee27bd2f72812127e68f925fde717b72f16d1562644e50659436ea0ff32b94c607c58d173f2e9c16ad22008835a7ba55f03a85cc7f5ebfd5abfb6d2a70168348295a6b6d83aeb956e90610d50fad5a1bb57ef55cb16ded05f5db3b91daa8f85d7a0547fb0861f0cbae0450baf41293e5cc3879d66a767ebd7a0145f5bc3d74bed5e50b7f46b50444972b8862e85b56a77b9da1564c2e88e13de0c8341bd9229cf51900dabec52534c582237e55a8cee323e008002522449e2c9c50c4fd008b2b88b2839e0c4db25d308126f86122660b854290d4a55f8af3e81fea6238ab63032a4955d6089581b52f67862c4c94cb6fc2ba0d537202f9e3d7bfef0e9f387bf3d7ff4e8f9c35fb2b9b52a4b6e07255353eed58f5ffffdfd17de5fbffef0eaf137e9d427f1c2c4bffcf9cb97bffff13af5b0e2dc152fbe7df2f2e99317df7df5e74f8f1ddadb1c1d98f02189b1f0aee163ef268b61810efbf1013f9dc43042c4924011e876a8eecbc8025e5b20eac275b0edc2db1c58c605bc3cbf6bd9ba1ff1b9248e99af46b105dc638c7618773ae0aa9acbf0f0709e4cdd93f3b989bb89d0916bee2e4aac00f7e733a057e252d98db065e60d8a1289a638c1d253bfb1438c1dabbb4388e5d73d32e24cb089f4ee10af8388d32543726025522eb4436288cbc2652084daf2cdde6dafc3a86bd53d7c6423615b20ea307e88a9e5c6cb682e51ec52394431351dbe8b64e432727fc14726ae2f24447a8a29f3fa632c844be63a87f51a41bf0a0ce30efb1e5dc436924b72e8d2b98b1833913d76d88d503c73da4c92c8c47e260e214591778349177c8fd93b443d431c50b231dcb709b6c2fd6622b805e46a9a942788fa65ce1db1bc8c99bd1f177482b08b65da3cb6d8b5cd89333b3af3a995dabb1853748cc6187bb73e7358d06133cbe7b9d1572260951dec4aac2bc8ce55f59c60016592aa6bd6297297082b65f7f1946db0676f71827816288911dfa4f91a44dd4a5d38e59c547a9d8e0e4de03502e51fe48bd329d705e83092bbbf49eb8d085967977a16ee7c5d702b7e6fb3c7605fde3dedbe04197c6a1920f6b7f6cd10516b823c6186080a0c17dd828815fe5c449dab5a6cee949bd89b360f03144656bd1393e48dc5cf89b227fc77ca1e77017306058f5bf1fb943a9b2865e74481b309f71f2c6b7a689edcc07092ac73d67955735ed5f8fffbaa66d35e3eaf65ce6b99f35ac6f5f6f5416a99bc7c81ca26eff2e89e4fbcb1e5332194eecb05c5bb42777d04bcd18c0730a8db51ba27b96a01ce22f89a35982cdc94232de371263f2732da8fd00c5a4365ddc09c8a4cf554783326a063a487752b159fd0adfb4ef3788f8dd34e67b9acba9aa90b0592f978295c8d43974aa6e85a3defdeadd4eb7ee8547759970628d9d318614c661b517518515f0e42145e67845ed99958d17458d150ea97a15a4671e50a306d151578e5f6e045bde58741da4186661c94e76315a7b499bc8cae0ace99467a9333a9990150622f33208f7453d9ba71796a7569aabd45a42d238c74b38d30d2308217e12c3bcd96fb59c6ba9987d4324fb962b91b7233ea8d0f116b452227b881262653d0c43b6ef9b56a08b72a23346bf913e818c3d77806b923d45b17a253b87619499e6ef87761961917b28744943a5c934eca063191987b94c42d5f2d7f950d34d11ca26d2b5780103e5ae39a402b1f9b7110743bc87832c1236986dd18519e4e1f81e153ae70feaac5df1dac24d91cc2bd1f8d8fbd033ae73711a458582f2b078e89808b8372eacd31819bb01591e5f977e260ca68d7bc8ad239948e233a8b5076a298649ec23589aeccd14f2b1f184fd99ac1a1eb2e3c98aa03f6bd4fdd371fd5ca730669e667a6c52aead47493e9873be40dabf243d4b22aa56efd4e2d72ae6b2eb90e12d5794abce1d47d8b03c1302d9fcc324d59bc4ec38ab3b351dbb4332c080c4fd436f86d7546383df1ae273fc89dcc5a75402ceb4a9df8facadcbcd5660777813c7a707f38a752e850426f972328fad21bc89436608bdc93598d08dfbc39272dff7e296c07dd4ad82d941a61bf10548352a111b6ab85761856cbfdb05cea752a0fe06091515c0ed3ebfa015c61d0457669afc7d72eeee3e52dcd85118b8b4c5fcc17b5e1fae2be5cd97c71ef11209dfbb5caa0596d766a8566b53d2804bd4ea3d0ecd63a855ead5bef0d7addb0d11c3cf0bd230d0edad56e50eb370ab572b75b086a25657ea359a807954a3ba8b71bfda0fd202b6360e5297d64be00f76abbb6ff010000ffff0300504b0304140006000800000021008a7d91eacc030000a60d00000d000000786c2f7374796c65732e786d6ccc57596fdb38107e5f60ff83c07745472cd7362415751c0105ba4581a4c0be52126513e5a152742ab7e87fef90922c39dd6c0c07dd6ef2207238c73717878e5fb79c390f4435548a0405573e7288286449c536411fef3377819c46635162260549d08134e875fae71f71a30f8cdced08d10ea8104d82765ad72bcf6b8a1de1b8b9923511705249c5b186adda7a4dad082e1b23c49917fafedce3980ad46958f1e21c251cab4ffbda2d24afb1a63965541fac2ee4f062f5762ba4c23903a86d30c385d30673153aad1a8c58ea4f76382d946c64a5af40af27ab8a16e467b84b6fe9e162d4049a2fd314449e1f9ef8deaa0b35cd3c451ea8491f4ae34a0add3885dc0b9da06b006a42b0fa24e417919923c870cf95c6cd57e70133a004c84be34232a91c0da983c8598ac09c741c3798d15c51c356614ed9a123878660b3ddf3710ab13744cfe0e8d0a4716eb8fe235b473b16dbaff0c9bad6806f94b149a43b421a43496aa24406a74ebfbe3fd4105201ddd385068e9ee5de2a7c08c2e87c8146325a9ad46e6f6c22d5364f5096ad5f997fa3267feac09b403699b3f0ec07bccca52ae16e182a2a020b1d298d19a934e85574bb335f2d6b63456a0dfd93c625c55b293033c530484c25e14e81eb23417a07ed3f545f0fdab77fd67763a4b771a684c563e19c2900c007dc674a744e5ee8231525694999a0f9ec2c0f1ff33fe3df63f6e7bc7bccff22df7e77fecea8bbd38afd2d25d2f70374574118bb337df077756c31733fb79523f63ce3fa2dd4090c64739b0e4b68cf7ed9b553b7316d36d5d6e99ea89d5fa4d669aba3fea7400580af071522670465a64f2fede0ba66073380cc68e9772033eed6f69e19f76f18dd0a4e3a813486f9d36d9d9d54f42b283283ab807302731d5e2f9a1653ca1785eb7bd25a7326346df574509fc20ff4ff2f7e03ba2f0a08fa107f289531feb3c7f8dfef794e54669f63933c9c6465cc0384ed24e367580424a7117b99c5330a7f6af1f35e6af241918ab6bfaaae8652b2ad06cd35e9e093fe3d76a263de50097a6f62ce26d1c9f794692afea1774167d98eb7816f668436cf597b4f1cad406c4a52e13dd3f7c7c3048debbf4849f71cc2d3737da00f525b15091ad7efccec0ee6c60634cbbb06462d7c9dbda209fa76bb7eb5dcdc66a1bbf0d70b77764d227719ad376e34bb596f36d9d20ffd9bef9347f50b9ed4f63700d45b305b350c1edeaa77b6077f37d21234d974f0ed1405d853eccb70eebf8902dfcdaefdc09dcdf1c25dccaf23378b8270339fad6fa32c9a608f2e7c7afb5e10748f78033e5a69ca09a362c8d590a129159204db7f71c21b32e18d3fb0d21f000000ffff0300504b0304140006000800000021001942c1c5db0000003502000014000000786c2f736861726564537472696e67732e786d6c64d1c14ac4301080e1bbe03b84b9bbe974755d25c91e163c7a52d06368b3db4093743ba9e8db5b1114668ef30d813f8c397ca6517d849962c91670d3800ab92b7dcc670baf2f4f377b50547deefd5872b0f015080eeefaca1055b5becd6461a8757ad49aba21244f9b3285bc6e4e654ebeaee37cd634cdc1f7348450d3a8dba6d9e9e46306d59525570bed16d492e36509c73f7086a233d5a1d1d519fd33fc42cb61cbe196c31d871d877b0e7b0e0f1cb011225a51c4a2a845918ba21745308a6214c9289a5bd1fc5cf82fde38bcff835ecfeebe010000ffff0300504b0304140006000800000021002e9abe1f3e0100005902000011000801646f6350726f70732f636f72652e786d6c20a2040128a00001000000000000000000000000000000000000000000000000000000000000000000000000000000000000000000000000000000000000000000000000000000000000000000000000000000000000000000000000000000000000000000000000000000000000000000000000000000000000000000000000000000000000000000000000000000000000000000000000000000000000000000000000000000000000000000000000000000000000000000000000000000000000000000000000000000000000000000000000000000000000000000000000000000000000000000000000000000000000000000000000000000000000000000000000000000008c92cb4ec3301045f748fc43e47de23829885a492a1eea8a4a481481d859f6348d881dcb36a4fd7b9c47435059b0f4dc3b67ee8c9cad0eb20ebec0d8aa513922518c0250bc11952a73f4b25d873728b08e29c1ea46418e8e60d1aab8bcc8b8a6bc31f0641a0dc65560034f5296729da3bd739a626cf91e24b39177282fee1a2399f34f5362cdf8072b0127717c8d2538269863b803867a22a21129f884d49fa6ee018263a8418272169388e01faf0323ed9f0dbd3273caca1db5df698c3b670b3e8893fb60abc9d8b66dd4a67d0c9f9fe0b7cde373bf6a58a9ee561c5091094eb901e61a53dc7230199e15bae3d5ccba8dbff3ae0271771c3de775cfe9630f3010810f4287d827e535bd7fd8ae5191c4c92224244cd22d59d2784149fade8dfdd5df051b0a721cfe7fe2158d9733e2095064f8ec3314df000000ffff0300504b03041400060008000000210061490910890100001103000010000801646f6350726f70732f6170702e786d6c20a2040128a00001000000000000000000000000000000000000000000000000000000000000000000000000000000000000000000000000000000000000000000000000000000000000000000000000000000000000000000000000000000000000000000000000000000000000000000000000000000000000000000000000000000000000000000000000000000000000000000000000000000000000000000000000000000000000000000000000000000000000000000000000000000000000000000000000000000000000000000000000000000000000000000000000000000000000000000000000000000000000000000000000000000000000000000000000000000009c92416fdb300c85ef03fa1f0cdd1b39dd500c81ac624857f4b0610192b6674da663a1b22488ac91ecd78fb6d1d4d97aea8de47b78fa4449dd1c3a5ff490d1c55089e5a21405041b6b17f69578d8dd5d7e15059209b5f13140258e80e2465f7c529b1c13647280054704ac444b945652a26da133b86039b0d2c4dc19e236ef656c1a67e136da970e02c9abb2bc9670200835d497e91428a6c4554f1f0dada31df8f071774c0cacd5b794bcb386f896faa7b339626ca8f87eb0e0959c8b8ae9b6605fb2a3a32e959cb76a6b8d873507ebc6780425df06ea1eccb0b48d7119b5ea69d583a5980b747f786d57a2f86d10069c4af4263b1388b106dbd48cb54f48593fc5fc8c2d00a1926c98866339f7ce6bf7452f470317e7c621600261e11c71e7c803fe6a3626d33bc4cb39f1c830f14e38db816f3a73ce375e994ffa277b1dbb64c2918553f5c385677c48bb786b085ed7793e54dbd664a8f9054eeb3e0dd43d6f32fb2164dd9ab087fad5f3bf303cfee3f4c3f5f27a517e2ef95d673325dffeb2fe0b0000ffff0300504b01022d001400060008000000210062ee9d685e010000900400001300000000000000000000000000000000005b436f6e74656e745f54797065735d2e786d6c504b01022d0014000600080000002100b5553023f40000004c0200000b00000000000000000000000000970300005f72656c732f2e72656c73504b01022d00140006000800000021005843a3dc4a030000d10700000f00000000000000000000000000bc060000786c2f776f726b626f6f6b2e786d6c504b01022d0014000600080000002100813e9497f3000000ba0200001a00000000000000000000000000330a0000786c2f5f72656c732f776f726b626f6f6b2e786d6c2e72656c73504b01022d001400060008000000210000446359f5030000fc1000001800000000000000000000000000660c0000786c2f776f726b7368656574732f7368656574312e786d6c504b01022d0014000600080000002100c11710be4e070000c6200000130000000000000000000000000091100000786c2f7468656d652f7468656d65312e786d6c504b01022d00140006000800000021008a7d91eacc030000a60d00000d0000000000000000000000000010180000786c2f7374796c65732e786d6c504b01022d00140006000800000021001942c1c5db000000350200001400000000000000000000000000071c0000786c2f736861726564537472696e67732e786d6c504b01022d00140006000800000021002e9abe1f3e010000590200001100000000000000000000000000141d0000646f6350726f70732f636f72652e786d6c504b01022d00140006000800000021006149091089010000110300001000000000000000000000000000891f0000646f6350726f70732f6170702e786d6c504b0506000000000a000a0080020000482200000000, 'random', 4, 10, 1, 4, 10, '2024-11-26 05:07:11', '2024-11-26 05:07:11'),
(40, 0x504b030414000600080000002100c11710be4e070000c620000013000000786c2f7468656d652f7468656d65312e786d6cec59cd8b1b3714bf17fa3f0c7377fc35e38f25dee0cf6c93dd24649d941cb5b6ec5156333292bc1b13022539f55228a4a597426f3d94d240030dbdf48f0924b4e91fd127cdd823ade5249b6c4a5a760d8b47febda7a7f79e7e7af374f1d2bd987a47980bc292965fbe50f23d9c8cd89824d3967f6b3828347c4f48948c1165096ef90b2cfc4bdb9f7e72116dc908c7d803f9446ca1961f4939db2a16c5088691b8c0663881df268cc748c2239f16c71c1d83de98162ba552ad182392f85e8262507b7d322123ec0d954a7f7ba9bc4fe13191420d8c28df57aab125a1b1e3c3b2428885e852ee1d21daf2619e313b1ee27bd2f72812127e68f925fde717b72f16d1562644e50659436ea0ff32b94c607c58d173f2e9c16ad22008835a7ba55f03a85cc7f5ebfd5abfb6d2a70168348295a6b6d83aeb956e90610d50fad5a1bb57ef55cb16ded05f5db3b91daa8f85d7a0547fb0861f0cbae0450baf41293e5cc3879d66a767ebd7a0145f5bc3d74bed5e50b7f46b50444972b8862e85b56a77b9da1564c2e88e13de0c8341bd9229cf51900dabec52534c582237e55a8cee323e008002522449e2c9c50c4fd008b2b88b2839e0c4db25d308126f86122660b854290d4a55f8af3e81fea6238ab63032a4955d6089581b52f67862c4c94cb6fc2ba0d537202f9e3d7bfef0e9f387bf3d7ff4e8f9c35fb2b9b52a4b6e07255353eed58f5ffffdfd17de5fbffef0eaf137e9d427f1c2c4bffcf9cb97bffff13af5b0e2dc152fbe7df2f2e99317df7df5e74f8f1ddadb1c1d98f02189b1f0aee163ef268b61810efbf1013f9dc43042c4924011e876a8eecbc8025e5b20eac275b0edc2db1c58c605bc3cbf6bd9ba1ff1b9248e99af46b105dc638c7618773ae0aa9acbf0f0709e4cdd93f3b989bb89d0916bee2e4aac00f7e733a057e252d98db065e60d8a1289a638c1d253bfb1438c1dabbb4388e5d73d32e24cb089f4ee10af8388d32543726025522eb4436288cbc2652084daf2cdde6dafc3a86bd53d7c6423615b20ea307e88a9e5c6cb682e51ec52394431351dbe8b64e432727fc14726ae2f24447a8a29f3fa632c844be63a87f51a41bf0a0ce30efb1e5dc436924b72e8d2b98b1833913d76d88d503c73da4c92c8c47e260e214591778349177c8fd93b443d431c50b231dcb709b6c2fd6622b805e46a9a942788fa65ce1db1bc8c99bd1f177482b08b65da3cb6d8b5cd89333b3af3a995dabb1853748cc6187bb73e7358d06133cbe7b9d1572260951dec4aac2bc8ce55f59c60016592aa6bd6297297082b65f7f1946db0676f71827816288911dfa4f91a44dd4a5d38e59c547a9d8e0e4de03502e51fe48bd329d705e83092bbbf49eb8d085967977a16ee7c5d702b7e6fb3c7605fde3dedbe04197c6a1920f6b7f6cd10516b823c6186080a0c17dd828815fe5c449dab5a6cee949bd89b360f03144656bd1393e48dc5cf89b227fc77ca1e77017306058f5bf1fb943a9b2865e74481b309f71f2c6b7a689edcc07092ac73d67955735ed5f8fffbaa66d35e3eaf65ce6b99f35ac6f5f6f5416a99bc7c81ca26eff2e89e4fbcb1e5332194eecb05c5bb42777d04bcd18c0730a8db51ba27b96a01ce22f89a35982cdc94232de371263f2732da8fd00c5a4365ddc09c8a4cf554783326a063a487752b159fd0adfb4ef3788f8dd34e67b9acba9aa90b0592f978295c8d43974aa6e85a3defdeadd4eb7ee8547759970628d9d318614c661b517518515f0e42145e67845ed99958d17458d150ea97a15a4671e50a306d151578e5f6e045bde58741da4186661c94e76315a7b499bc8cae0ace99467a9333a9990150622f33208f7453d9ba71796a7569aabd45a42d238c74b38d30d2308217e12c3bcd96fb59c6ba9987d4324fb962b91b7233ea8d0f116b452227b881262653d0c43b6ef9b56a08b72a23346bf913e818c3d77806b923d45b17a253b87619499e6ef87761961917b28744943a5c934eca063191987b94c42d5f2d7f950d34d11ca26d2b5780103e5ae39a402b1f9b7110743bc87832c1236986dd18519e4e1f81e153ae70feaac5df1dac24d91cc2bd1f8d8fbd033ae73711a458582f2b078e89808b8372eacd31819bb01591e5f977e260ca68d7bc8ad239948e233a8b5076a298649ec23589aeccd14f2b1f184fd99ac1a1eb2e3c98aa03f6bd4fdd371fd5ca730669e667a6c52aead47493e9873be40dabf243d4b22aa56efd4e2d72ae6b2eb90e12d5794abce1d47d8b03c1302d9fcc324d59bc4ec38ab3b351dbb4332c080c4fd436f86d7546383df1ae273fc89dcc5a75402ceb4a9df8facadcbcd5660777813c7a707f38a752e850426f972328fad21bc89436608bdc93598d08dfbc39272dff7e296c07dd4ad82d941a61bf10548352a111b6ab85761856cbfdb05cea752a0fe06091515c0ed3ebfa015c61d0457669afc7d72eeee3e52dcd85118b8b4c5fcc17b5e1fae2be5cd97c71ef11209dfbb5caa0596d766a8566b53d2804bd4ea3d0ecd63a855ead5bef0d7addb0d11c3cf0bd230d0edad56e50eb370ab572b75b086a25657ea359a807954a3ba8b71bfda0fd202b6360e5297d64be00f76abbb6ff010000ffff0300504b0304140006000800000021008a7d91eacc030000a60d00000d000000786c2f7374796c65732e786d6ccc57596fdb38107e5f60ff83c07745472cd7362415751c0105ba4581a4c0be52126513e5a152742ab7e87fef90922c39dd6c0c07dd6ef2207238c73717878e5fb79c390f4435548a0405573e7288286449c536411fef3377819c46635162260549d08134e875fae71f71a30f8cdced08d10ea8104d82765ad72bcf6b8a1de1b8b9923511705249c5b186adda7a4dad082e1b23c49917fafedce3980ad46958f1e21c251cab4ffbda2d24afb1a63965541fac2ee4f062f5762ba4c23903a86d30c385d30673153aad1a8c58ea4f76382d946c64a5af40af27ab8a16e467b84b6fe9e162d4049a2fd314449e1f9ef8deaa0b35cd3c451ea8491f4ae34a0add3885dc0b9da06b006a42b0fa24e417919923c870cf95c6cd57e70133a004c84be34232a91c0da983c8598ac09c741c3798d15c51c356614ed9a123878660b3ddf3710ab13744cfe0e8d0a4716eb8fe235b473b16dbaff0c9bad6806f94b149a43b421a43496aa24406a74ebfbe3fd4105201ddd385068e9ee5de2a7c08c2e87c8146325a9ad46e6f6c22d5364f5096ad5f997fa3267feac09b403699b3f0ec07bccca52ae16e182a2a020b1d298d19a934e85574bb335f2d6b63456a0dfd93c625c55b293033c530484c25e14e81eb23417a07ed3f545f0fdab77fd67763a4b771a684c563e19c2900c007dc674a744e5ee8231525694999a0f9ec2c0f1ff33fe3df63f6e7bc7bccff22df7e77fecea8bbd38afd2d25d2f70374574118bb337df077756c31733fb79523f63ce3fa2dd4090c64739b0e4b68cf7ed9b553b7316d36d5d6e99ea89d5fa4d669aba3fea7400580af071522670465a64f2fede0ba66073380cc68e9772033eed6f69e19f76f18dd0a4e3a813486f9d36d9d9d54f42b283283ab807302731d5e2f9a1653ca1785eb7bd25a7326346df574509fc20ff4ff2f7e03ba2f0a08fa107f289531feb3c7f8dfef794e54669f63933c9c6465cc0384ed24e367580424a7117b99c5330a7f6af1f35e6af241918ab6bfaaae8652b2ad06cd35e9e093fe3d76a263de50097a6f62ce26d1c9f794692afea1774167d98eb7816f668436cf597b4f1cad406c4a52e13dd3f7c7c3048debbf4849f71cc2d3737da00f525b15091ad7efccec0ee6c60634cbbb06462d7c9dbda209fa76bb7eb5dcdc66a1bbf0d70b77764d227719ad376e34bb596f36d9d20ffd9bef9347f50b9ed4f63700d45b305b350c1edeaa77b6077f37d21234d974f0ed1405d853eccb70eebf8902dfcdaefdc09dcdf1c25dccaf23378b8270339fad6fa32c9a608f2e7c7afb5e10748f78033e5a69ca09a362c8d590a129159204db7f71c21b32e18d3fb0d21f000000ffff0300504b0304140006000800000021001942c1c5db0000003502000014000000786c2f736861726564537472696e67732e786d6c64d1c14ac4301080e1bbe03b84b9bbe974755d25c91e163c7a52d06368b3db4093743ba9e8db5b1114668ef30d813f8c397ca6517d849962c91670d3800ab92b7dcc670baf2f4f377b50547deefd5872b0f015080eeefaca1055b5becd6461a8757ad49aba21244f9b3285bc6e4e654ebeaee37cd634cdc1f7348450d3a8dba6d9e9e46306d59525570bed16d492e36509c73f7086a233d5a1d1d519fd33fc42cb61cbe196c31d871d877b0e7b0e0f1cb011225a51c4a2a845918ba21745308a6214c9289a5bd1fc5cf82fde38bcff835ecfeebe010000ffff0300504b0304140006000800000021002e9abe1f3e0100005902000011000801646f6350726f70732f636f72652e786d6c20a2040128a00001000000000000000000000000000000000000000000000000000000000000000000000000000000000000000000000000000000000000000000000000000000000000000000000000000000000000000000000000000000000000000000000000000000000000000000000000000000000000000000000000000000000000000000000000000000000000000000000000000000000000000000000000000000000000000000000000000000000000000000000000000000000000000000000000000000000000000000000000000000000000000000000000000000000000000000000000000000000000000000000000000000000000000000000000000000008c92cb4ec3301045f748fc43e47de23829885a492a1eea8a4a481481d859f6348d881dcb36a4fd7b9c47435059b0f4dc3b67ee8c9cad0eb20ebec0d8aa513922518c0250bc11952a73f4b25d873728b08e29c1ea46418e8e60d1aab8bcc8b8a6bc31f0641a0dc65560034f5296729da3bd739a626cf91e24b39177282fee1a2399f34f5362cdf8072b0127717c8d2538269863b803867a22a21129f884d49fa6ee018263a8418272169388e01faf0323ed9f0dbd3273caca1db5df698c3b670b3e8893fb60abc9d8b66dd4a67d0c9f9fe0b7cde373bf6a58a9ee561c5091094eb901e61a53dc7230199e15bae3d5ccba8dbff3ae0271771c3de775cfe9630f3010810f4287d827e535bd7fd8ae5191c4c92224244cd22d59d2784149fade8dfdd5df051b0a721cfe7fe2158d9733e2095064f8ec3314df000000ffff0300504b03041400060008000000210061490910890100001103000010000801646f6350726f70732f6170702e786d6c20a2040128a00001000000000000000000000000000000000000000000000000000000000000000000000000000000000000000000000000000000000000000000000000000000000000000000000000000000000000000000000000000000000000000000000000000000000000000000000000000000000000000000000000000000000000000000000000000000000000000000000000000000000000000000000000000000000000000000000000000000000000000000000000000000000000000000000000000000000000000000000000000000000000000000000000000000000000000000000000000000000000000000000000000000000000000000000000000000009c92416fdb300c85ef03fa1f0cdd1b39dd500c81ac624857f4b0610192b6674da663a1b22488ac91ecd78fb6d1d4d97aea8de47b78fa4449dd1c3a5ff490d1c55089e5a21405041b6b17f69578d8dd5d7e15059209b5f13140258e80e2465f7c529b1c13647280054704ac444b945652a26da133b86039b0d2c4dc19e236ef656c1a67e136da970e02c9abb2bc9670200835d497e91428a6c4554f1f0dada31df8f071774c0cacd5b794bcb386f896faa7b339626ca8f87eb0e0959c8b8ae9b6605fb2a3a32e959cb76a6b8d873507ebc6780425df06ea1eccb0b48d7119b5ea69d583a5980b747f786d57a2f86d10069c4af4263b1388b106dbd48cb54f48593fc5fc8c2d00a1926c98866339f7ce6bf7452f470317e7c621600261e11c71e7c803fe6a3626d33bc4cb39f1c830f14e38db816f3a73ce375e994ffa277b1dbb64c2918553f5c385677c48bb786b085ed7793e54dbd664a8f9054eeb3e0dd43d6f32fb2164dd9ab087fad5f3bf303cfee3f4c3f5f27a517e2ef95d673325dffeb2fe0b0000ffff0300504b01022d001400060008000000210062ee9d685e010000900400001300000000000000000000000000000000005b436f6e74656e745f54797065735d2e786d6c504b01022d0014000600080000002100b5553023f40000004c0200000b00000000000000000000000000970300005f72656c732f2e72656c73504b01022d00140006000800000021005843a3dc4a030000d10700000f00000000000000000000000000bc060000786c2f776f726b626f6f6b2e786d6c504b01022d0014000600080000002100813e9497f3000000ba0200001a00000000000000000000000000330a0000786c2f5f72656c732f776f726b626f6f6b2e786d6c2e72656c73504b01022d001400060008000000210000446359f5030000fc1000001800000000000000000000000000660c0000786c2f776f726b7368656574732f7368656574312e786d6c504b01022d0014000600080000002100c11710be4e070000c6200000130000000000000000000000000091100000786c2f7468656d652f7468656d65312e786d6c504b01022d00140006000800000021008a7d91eacc030000a60d00000d0000000000000000000000000010180000786c2f7374796c65732e786d6c504b01022d00140006000800000021001942c1c5db000000350200001400000000000000000000000000071c0000786c2f736861726564537472696e67732e786d6c504b01022d00140006000800000021002e9abe1f3e010000590200001100000000000000000000000000141d0000646f6350726f70732f636f72652e786d6c504b01022d00140006000800000021006149091089010000110300001000000000000000000000000000891f0000646f6350726f70732f6170702e786d6c504b0506000000000a000a0080020000482200000000, 'random', 4, 10, 1, 4, 10, '2024-11-26 05:07:14', '2024-11-26 05:07:14');
INSERT INTO `data_history` (`id`, `dataset`, `c_type`, `n_cluster`, `n_iter`, `s_elbow`, `e_elbow`, `n_elbow_iter`, `created_at`, `updated_at`) VALUES
(41, 0x504b030414000600080000002100c11710be4e070000c620000013000000786c2f7468656d652f7468656d65312e786d6cec59cd8b1b3714bf17fa3f0c7377fc35e38f25dee0cf6c93dd24649d941cb5b6ec5156333292bc1b13022539f55228a4a597426f3d94d240030dbdf48f0924b4e91fd127cdd823ade5249b6c4a5a760d8b47febda7a7f79e7e7af374f1d2bd987a47980bc292965fbe50f23d9c8cd89824d3967f6b3828347c4f48948c1165096ef90b2cfc4bdb9f7e72116dc908c7d803f9446ca1961f4939db2a16c5088691b8c0663881df268cc748c2239f16c71c1d83de98162ba552ad182392f85e8262507b7d322123ec0d954a7f7ba9bc4fe13191420d8c28df57aab125a1b1e3c3b2428885e852ee1d21daf2619e313b1ee27bd2f72812127e68f925fde717b72f16d1562644e50659436ea0ff32b94c607c58d173f2e9c16ad22008835a7ba55f03a85cc7f5ebfd5abfb6d2a70168348295a6b6d83aeb956e90610d50fad5a1bb57ef55cb16ded05f5db3b91daa8f85d7a0547fb0861f0cbae0450baf41293e5cc3879d66a767ebd7a0145f5bc3d74bed5e50b7f46b50444972b8862e85b56a77b9da1564c2e88e13de0c8341bd9229cf51900dabec52534c582237e55a8cee323e008002522449e2c9c50c4fd008b2b88b2839e0c4db25d308126f86122660b854290d4a55f8af3e81fea6238ab63032a4955d6089581b52f67862c4c94cb6fc2ba0d537202f9e3d7bfef0e9f387bf3d7ff4e8f9c35fb2b9b52a4b6e07255353eed58f5ffffdfd17de5fbffef0eaf137e9d427f1c2c4bffcf9cb97bffff13af5b0e2dc152fbe7df2f2e99317df7df5e74f8f1ddadb1c1d98f02189b1f0aee163ef268b61810efbf1013f9dc43042c4924011e876a8eecbc8025e5b20eac275b0edc2db1c58c605bc3cbf6bd9ba1ff1b9248e99af46b105dc638c7618773ae0aa9acbf0f0709e4cdd93f3b989bb89d0916bee2e4aac00f7e733a057e252d98db065e60d8a1289a638c1d253bfb1438c1dabbb4388e5d73d32e24cb089f4ee10af8388d32543726025522eb4436288cbc2652084daf2cdde6dafc3a86bd53d7c6423615b20ea307e88a9e5c6cb682e51ec52394431351dbe8b64e432727fc14726ae2f24447a8a29f3fa632c844be63a87f51a41bf0a0ce30efb1e5dc436924b72e8d2b98b1833913d76d88d503c73da4c92c8c47e260e214591778349177c8fd93b443d431c50b231dcb709b6c2fd6622b805e46a9a942788fa65ce1db1bc8c99bd1f177482b08b65da3cb6d8b5cd89333b3af3a995dabb1853748cc6187bb73e7358d06133cbe7b9d1572260951dec4aac2bc8ce55f59c60016592aa6bd6297297082b65f7f1946db0676f71827816288911dfa4f91a44dd4a5d38e59c547a9d8e0e4de03502e51fe48bd329d705e83092bbbf49eb8d085967977a16ee7c5d702b7e6fb3c7605fde3dedbe04197c6a1920f6b7f6cd10516b823c6186080a0c17dd828815fe5c449dab5a6cee949bd89b360f03144656bd1393e48dc5cf89b227fc77ca1e77017306058f5bf1fb943a9b2865e74481b309f71f2c6b7a689edcc07092ac73d67955735ed5f8fffbaa66d35e3eaf65ce6b99f35ac6f5f6f5416a99bc7c81ca26eff2e89e4fbcb1e5332194eecb05c5bb42777d04bcd18c0730a8db51ba27b96a01ce22f89a35982cdc94232de371263f2732da8fd00c5a4365ddc09c8a4cf554783326a063a487752b159fd0adfb4ef3788f8dd34e67b9acba9aa90b0592f978295c8d43974aa6e85a3defdeadd4eb7ee8547759970628d9d318614c661b517518515f0e42145e67845ed99958d17458d150ea97a15a4671e50a306d151578e5f6e045bde58741da4186661c94e76315a7b499bc8cae0ace99467a9333a9990150622f33208f7453d9ba71796a7569aabd45a42d238c74b38d30d2308217e12c3bcd96fb59c6ba9987d4324fb962b91b7233ea8d0f116b452227b881262653d0c43b6ef9b56a08b72a23346bf913e818c3d77806b923d45b17a253b87619499e6ef87761961917b28744943a5c934eca063191987b94c42d5f2d7f950d34d11ca26d2b5780103e5ae39a402b1f9b7110743bc87832c1236986dd18519e4e1f81e153ae70feaac5df1dac24d91cc2bd1f8d8fbd033ae73711a458582f2b078e89808b8372eacd31819bb01591e5f977e260ca68d7bc8ad239948e233a8b5076a298649ec23589aeccd14f2b1f184fd99ac1a1eb2e3c98aa03f6bd4fdd371fd5ca730669e667a6c52aead47493e9873be40dabf243d4b22aa56efd4e2d72ae6b2eb90e12d5794abce1d47d8b03c1302d9fcc324d59bc4ec38ab3b351dbb4332c080c4fd436f86d7546383df1ae273fc89dcc5a75402ceb4a9df8facadcbcd5660777813c7a707f38a752e850426f972328fad21bc89436608bdc93598d08dfbc39272dff7e296c07dd4ad82d941a61bf10548352a111b6ab85761856cbfdb05cea752a0fe06091515c0ed3ebfa015c61d0457669afc7d72eeee3e52dcd85118b8b4c5fcc17b5e1fae2be5cd97c71ef11209dfbb5caa0596d766a8566b53d2804bd4ea3d0ecd63a855ead5bef0d7addb0d11c3cf0bd230d0edad56e50eb370ab572b75b086a25657ea359a807954a3ba8b71bfda0fd202b6360e5297d64be00f76abbb6ff010000ffff0300504b0304140006000800000021008a7d91eacc030000a60d00000d000000786c2f7374796c65732e786d6ccc57596fdb38107e5f60ff83c07745472cd7362415751c0105ba4581a4c0be52126513e5a152742ab7e87fef90922c39dd6c0c07dd6ef2207238c73717878e5fb79c390f4435548a0405573e7288286449c536411fef3377819c46635162260549d08134e875fae71f71a30f8cdced08d10ea8104d82765ad72bcf6b8a1de1b8b9923511705249c5b186adda7a4dad082e1b23c49917fafedce3980ad46958f1e21c251cab4ffbda2d24afb1a63965541fac2ee4f062f5762ba4c23903a86d30c385d30673153aad1a8c58ea4f76382d946c64a5af40af27ab8a16e467b84b6fe9e162d4049a2fd314449e1f9ef8deaa0b35cd3c451ea8491f4ae34a0add3885dc0b9da06b006a42b0fa24e417919923c870cf95c6cd57e70133a004c84be34232a91c0da983c8598ac09c741c3798d15c51c356614ed9a123878660b3ddf3710ab13744cfe0e8d0a4716eb8fe235b473b16dbaff0c9bad6806f94b149a43b421a43496aa24406a74ebfbe3fd4105201ddd385068e9ee5de2a7c08c2e87c8146325a9ad46e6f6c22d5364f5096ad5f997fa3267feac09b403699b3f0ec07bccca52ae16e182a2a020b1d298d19a934e85574bb335f2d6b63456a0dfd93c625c55b293033c530484c25e14e81eb23417a07ed3f545f0fdab77fd67763a4b771a684c563e19c2900c007dc674a744e5ee8231525694999a0f9ec2c0f1ff33fe3df63f6e7bc7bccff22df7e77fecea8bbd38afd2d25d2f70374574118bb337df077756c31733fb79523f63ce3fa2dd4090c64739b0e4b68cf7ed9b553b7316d36d5d6e99ea89d5fa4d669aba3fea7400580af071522670465a64f2fede0ba66073380cc68e9772033eed6f69e19f76f18dd0a4e3a813486f9d36d9d9d54f42b283283ab807302731d5e2f9a1653ca1785eb7bd25a7326346df574509fc20ff4ff2f7e03ba2f0a08fa107f289531feb3c7f8dfef794e54669f63933c9c6465cc0384ed24e367580424a7117b99c5330a7f6af1f35e6af241918ab6bfaaae8652b2ad06cd35e9e093fe3d76a263de50097a6f62ce26d1c9f794692afea1774167d98eb7816f668436cf597b4f1cad406c4a52e13dd3f7c7c3048debbf4849f71cc2d3737da00f525b15091ad7efccec0ee6c60634cbbb06462d7c9dbda209fa76bb7eb5dcdc66a1bbf0d70b77764d227719ad376e34bb596f36d9d20ffd9bef9347f50b9ed4f63700d45b305b350c1edeaa77b6077f37d21234d974f0ed1405d853eccb70eebf8902dfcdaefdc09dcdf1c25dccaf23378b8270339fad6fa32c9a608f2e7c7afb5e10748f78033e5a69ca09a362c8d590a129159204db7f71c21b32e18d3fb0d21f000000ffff0300504b0304140006000800000021001942c1c5db0000003502000014000000786c2f736861726564537472696e67732e786d6c64d1c14ac4301080e1bbe03b84b9bbe974755d25c91e163c7a52d06368b3db4093743ba9e8db5b1114668ef30d813f8c397ca6517d849962c91670d3800ab92b7dcc670baf2f4f377b50547deefd5872b0f015080eeefaca1055b5becd6461a8757ad49aba21244f9b3285bc6e4e654ebeaee37cd634cdc1f7348450d3a8dba6d9e9e46306d59525570bed16d492e36509c73f7086a233d5a1d1d519fd33fc42cb61cbe196c31d871d877b0e7b0e0f1cb011225a51c4a2a845918ba21745308a6214c9289a5bd1fc5cf82fde38bcff835ecfeebe010000ffff0300504b0304140006000800000021002e9abe1f3e0100005902000011000801646f6350726f70732f636f72652e786d6c20a2040128a00001000000000000000000000000000000000000000000000000000000000000000000000000000000000000000000000000000000000000000000000000000000000000000000000000000000000000000000000000000000000000000000000000000000000000000000000000000000000000000000000000000000000000000000000000000000000000000000000000000000000000000000000000000000000000000000000000000000000000000000000000000000000000000000000000000000000000000000000000000000000000000000000000000000000000000000000000000000000000000000000000000000000000000000000000000000008c92cb4ec3301045f748fc43e47de23829885a492a1eea8a4a481481d859f6348d881dcb36a4fd7b9c47435059b0f4dc3b67ee8c9cad0eb20ebec0d8aa513922518c0250bc11952a73f4b25d873728b08e29c1ea46418e8e60d1aab8bcc8b8a6bc31f0641a0dc65560034f5296729da3bd739a626cf91e24b39177282fee1a2399f34f5362cdf8072b0127717c8d2538269863b803867a22a21129f884d49fa6ee018263a8418272169388e01faf0323ed9f0dbd3273caca1db5df698c3b670b3e8893fb60abc9d8b66dd4a67d0c9f9fe0b7cde373bf6a58a9ee561c5091094eb901e61a53dc7230199e15bae3d5ccba8dbff3ae0271771c3de775cfe9630f3010810f4287d827e535bd7fd8ae5191c4c92224244cd22d59d2784149fade8dfdd5df051b0a721cfe7fe2158d9733e2095064f8ec3314df000000ffff0300504b03041400060008000000210061490910890100001103000010000801646f6350726f70732f6170702e786d6c20a2040128a00001000000000000000000000000000000000000000000000000000000000000000000000000000000000000000000000000000000000000000000000000000000000000000000000000000000000000000000000000000000000000000000000000000000000000000000000000000000000000000000000000000000000000000000000000000000000000000000000000000000000000000000000000000000000000000000000000000000000000000000000000000000000000000000000000000000000000000000000000000000000000000000000000000000000000000000000000000000000000000000000000000000000000000000000000000000009c92416fdb300c85ef03fa1f0cdd1b39dd500c81ac624857f4b0610192b6674da663a1b22488ac91ecd78fb6d1d4d97aea8de47b78fa4449dd1c3a5ff490d1c55089e5a21405041b6b17f69578d8dd5d7e15059209b5f13140258e80e2465f7c529b1c13647280054704ac444b945652a26da133b86039b0d2c4dc19e236ef656c1a67e136da970e02c9abb2bc9670200835d497e91428a6c4554f1f0dada31df8f071774c0cacd5b794bcb386f896faa7b339626ca8f87eb0e0959c8b8ae9b6605fb2a3a32e959cb76a6b8d873507ebc6780425df06ea1eccb0b48d7119b5ea69d583a5980b747f786d57a2f86d10069c4af4263b1388b106dbd48cb54f48593fc5fc8c2d00a1926c98866339f7ce6bf7452f470317e7c621600261e11c71e7c803fe6a3626d33bc4cb39f1c830f14e38db816f3a73ce375e994ffa277b1dbb64c2918553f5c385677c48bb786b085ed7793e54dbd664a8f9054eeb3e0dd43d6f32fb2164dd9ab087fad5f3bf303cfee3f4c3f5f27a517e2ef95d673325dffeb2fe0b0000ffff0300504b01022d001400060008000000210062ee9d685e010000900400001300000000000000000000000000000000005b436f6e74656e745f54797065735d2e786d6c504b01022d0014000600080000002100b5553023f40000004c0200000b00000000000000000000000000970300005f72656c732f2e72656c73504b01022d00140006000800000021005843a3dc4a030000d10700000f00000000000000000000000000bc060000786c2f776f726b626f6f6b2e786d6c504b01022d0014000600080000002100813e9497f3000000ba0200001a00000000000000000000000000330a0000786c2f5f72656c732f776f726b626f6f6b2e786d6c2e72656c73504b01022d001400060008000000210000446359f5030000fc1000001800000000000000000000000000660c0000786c2f776f726b7368656574732f7368656574312e786d6c504b01022d0014000600080000002100c11710be4e070000c6200000130000000000000000000000000091100000786c2f7468656d652f7468656d65312e786d6c504b01022d00140006000800000021008a7d91eacc030000a60d00000d0000000000000000000000000010180000786c2f7374796c65732e786d6c504b01022d00140006000800000021001942c1c5db000000350200001400000000000000000000000000071c0000786c2f736861726564537472696e67732e786d6c504b01022d00140006000800000021002e9abe1f3e010000590200001100000000000000000000000000141d0000646f6350726f70732f636f72652e786d6c504b01022d00140006000800000021006149091089010000110300001000000000000000000000000000891f0000646f6350726f70732f6170702e786d6c504b0506000000000a000a0080020000482200000000, 'random', 4, 10, 1, 4, 10, '2024-11-26 05:07:45', '2024-11-26 05:07:45'),
(42, 0x504b030414000600080000002100c11710be4e070000c620000013000000786c2f7468656d652f7468656d65312e786d6cec59cd8b1b3714bf17fa3f0c7377fc35e38f25dee0cf6c93dd24649d941cb5b6ec5156333292bc1b13022539f55228a4a597426f3d94d240030dbdf48f0924b4e91fd127cdd823ade5249b6c4a5a760d8b47febda7a7f79e7e7af374f1d2bd987a47980bc292965fbe50f23d9c8cd89824d3967f6b3828347c4f48948c1165096ef90b2cfc4bdb9f7e72116dc908c7d803f9446ca1961f4939db2a16c5088691b8c0663881df268cc748c2239f16c71c1d83de98162ba552ad182392f85e8262507b7d322123ec0d954a7f7ba9bc4fe13191420d8c28df57aab125a1b1e3c3b2428885e852ee1d21daf2619e313b1ee27bd2f72812127e68f925fde717b72f16d1562644e50659436ea0ff32b94c607c58d173f2e9c16ad22008835a7ba55f03a85cc7f5ebfd5abfb6d2a70168348295a6b6d83aeb956e90610d50fad5a1bb57ef55cb16ded05f5db3b91daa8f85d7a0547fb0861f0cbae0450baf41293e5cc3879d66a767ebd7a0145f5bc3d74bed5e50b7f46b50444972b8862e85b56a77b9da1564c2e88e13de0c8341bd9229cf51900dabec52534c582237e55a8cee323e008002522449e2c9c50c4fd008b2b88b2839e0c4db25d308126f86122660b854290d4a55f8af3e81fea6238ab63032a4955d6089581b52f67862c4c94cb6fc2ba0d537202f9e3d7bfef0e9f387bf3d7ff4e8f9c35fb2b9b52a4b6e07255353eed58f5ffffdfd17de5fbffef0eaf137e9d427f1c2c4bffcf9cb97bffff13af5b0e2dc152fbe7df2f2e99317df7df5e74f8f1ddadb1c1d98f02189b1f0aee163ef268b61810efbf1013f9dc43042c4924011e876a8eecbc8025e5b20eac275b0edc2db1c58c605bc3cbf6bd9ba1ff1b9248e99af46b105dc638c7618773ae0aa9acbf0f0709e4cdd93f3b989bb89d0916bee2e4aac00f7e733a057e252d98db065e60d8a1289a638c1d253bfb1438c1dabbb4388e5d73d32e24cb089f4ee10af8388d32543726025522eb4436288cbc2652084daf2cdde6dafc3a86bd53d7c6423615b20ea307e88a9e5c6cb682e51ec52394431351dbe8b64e432727fc14726ae2f24447a8a29f3fa632c844be63a87f51a41bf0a0ce30efb1e5dc436924b72e8d2b98b1833913d76d88d503c73da4c92c8c47e260e214591778349177c8fd93b443d431c50b231dcb709b6c2fd6622b805e46a9a942788fa65ce1db1bc8c99bd1f177482b08b65da3cb6d8b5cd89333b3af3a995dabb1853748cc6187bb73e7358d06133cbe7b9d1572260951dec4aac2bc8ce55f59c60016592aa6bd6297297082b65f7f1946db0676f71827816288911dfa4f91a44dd4a5d38e59c547a9d8e0e4de03502e51fe48bd329d705e83092bbbf49eb8d085967977a16ee7c5d702b7e6fb3c7605fde3dedbe04197c6a1920f6b7f6cd10516b823c6186080a0c17dd828815fe5c449dab5a6cee949bd89b360f03144656bd1393e48dc5cf89b227fc77ca1e77017306058f5bf1fb943a9b2865e74481b309f71f2c6b7a689edcc07092ac73d67955735ed5f8fffbaa66d35e3eaf65ce6b99f35ac6f5f6f5416a99bc7c81ca26eff2e89e4fbcb1e5332194eecb05c5bb42777d04bcd18c0730a8db51ba27b96a01ce22f89a35982cdc94232de371263f2732da8fd00c5a4365ddc09c8a4cf554783326a063a487752b159fd0adfb4ef3788f8dd34e67b9acba9aa90b0592f978295c8d43974aa6e85a3defdeadd4eb7ee8547759970628d9d318614c661b517518515f0e42145e67845ed99958d17458d150ea97a15a4671e50a306d151578e5f6e045bde58741da4186661c94e76315a7b499bc8cae0ace99467a9333a9990150622f33208f7453d9ba71796a7569aabd45a42d238c74b38d30d2308217e12c3bcd96fb59c6ba9987d4324fb962b91b7233ea8d0f116b452227b881262653d0c43b6ef9b56a08b72a23346bf913e818c3d77806b923d45b17a253b87619499e6ef87761961917b28744943a5c934eca063191987b94c42d5f2d7f950d34d11ca26d2b5780103e5ae39a402b1f9b7110743bc87832c1236986dd18519e4e1f81e153ae70feaac5df1dac24d91cc2bd1f8d8fbd033ae73711a458582f2b078e89808b8372eacd31819bb01591e5f977e260ca68d7bc8ad239948e233a8b5076a298649ec23589aeccd14f2b1f184fd99ac1a1eb2e3c98aa03f6bd4fdd371fd5ca730669e667a6c52aead47493e9873be40dabf243d4b22aa56efd4e2d72ae6b2eb90e12d5794abce1d47d8b03c1302d9fcc324d59bc4ec38ab3b351dbb4332c080c4fd436f86d7546383df1ae273fc89dcc5a75402ceb4a9df8facadcbcd5660777813c7a707f38a752e850426f972328fad21bc89436608bdc93598d08dfbc39272dff7e296c07dd4ad82d941a61bf10548352a111b6ab85761856cbfdb05cea752a0fe06091515c0ed3ebfa015c61d0457669afc7d72eeee3e52dcd85118b8b4c5fcc17b5e1fae2be5cd97c71ef11209dfbb5caa0596d766a8566b53d2804bd4ea3d0ecd63a855ead5bef0d7addb0d11c3cf0bd230d0edad56e50eb370ab572b75b086a25657ea359a807954a3ba8b71bfda0fd202b6360e5297d64be00f76abbb6ff010000ffff0300504b0304140006000800000021008a7d91eacc030000a60d00000d000000786c2f7374796c65732e786d6ccc57596fdb38107e5f60ff83c07745472cd7362415751c0105ba4581a4c0be52126513e5a152742ab7e87fef90922c39dd6c0c07dd6ef2207238c73717878e5fb79c390f4435548a0405573e7288286449c536411fef3377819c46635162260549d08134e875fae71f71a30f8cdced08d10ea8104d82765ad72bcf6b8a1de1b8b9923511705249c5b186adda7a4dad082e1b23c49917fafedce3980ad46958f1e21c251cab4ffbda2d24afb1a63965541fac2ee4f062f5762ba4c23903a86d30c385d30673153aad1a8c58ea4f76382d946c64a5af40af27ab8a16e467b84b6fe9e162d4049a2fd314449e1f9ef8deaa0b35cd3c451ea8491f4ae34a0add3885dc0b9da06b006a42b0fa24e417919923c870cf95c6cd57e70133a004c84be34232a91c0da983c8598ac09c741c3798d15c51c356614ed9a123878660b3ddf3710ab13744cfe0e8d0a4716eb8fe235b473b16dbaff0c9bad6806f94b149a43b421a43496aa24406a74ebfbe3fd4105201ddd385068e9ee5de2a7c08c2e87c8146325a9ad46e6f6c22d5364f5096ad5f997fa3267feac09b403699b3f0ec07bccca52ae16e182a2a020b1d298d19a934e85574bb335f2d6b63456a0dfd93c625c55b293033c530484c25e14e81eb23417a07ed3f545f0fdab77fd67763a4b771a684c563e19c2900c007dc674a744e5ee8231525694999a0f9ec2c0f1ff33fe3df63f6e7bc7bccff22df7e77fecea8bbd38afd2d25d2f70374574118bb337df077756c31733fb79523f63ce3fa2dd4090c64739b0e4b68cf7ed9b553b7316d36d5d6e99ea89d5fa4d669aba3fea7400580af071522670465a64f2fede0ba66073380cc68e9772033eed6f69e19f76f18dd0a4e3a813486f9d36d9d9d54f42b283283ab807302731d5e2f9a1653ca1785eb7bd25a7326346df574509fc20ff4ff2f7e03ba2f0a08fa107f289531feb3c7f8dfef794e54669f63933c9c6465cc0384ed24e367580424a7117b99c5330a7f6af1f35e6af241918ab6bfaaae8652b2ad06cd35e9e093fe3d76a263de50097a6f62ce26d1c9f794692afea1774167d98eb7816f668436cf597b4f1cad406c4a52e13dd3f7c7c3048debbf4849f71cc2d3737da00f525b15091ad7efccec0ee6c60634cbbb06462d7c9dbda209fa76bb7eb5dcdc66a1bbf0d70b77764d227719ad376e34bb596f36d9d20ffd9bef9347f50b9ed4f63700d45b305b350c1edeaa77b6077f37d21234d974f0ed1405d853eccb70eebf8902dfcdaefdc09dcdf1c25dccaf23378b8270339fad6fa32c9a608f2e7c7afb5e10748f78033e5a69ca09a362c8d590a129159204db7f71c21b32e18d3fb0d21f000000ffff0300504b0304140006000800000021001942c1c5db0000003502000014000000786c2f736861726564537472696e67732e786d6c64d1c14ac4301080e1bbe03b84b9bbe974755d25c91e163c7a52d06368b3db4093743ba9e8db5b1114668ef30d813f8c397ca6517d849962c91670d3800ab92b7dcc670baf2f4f377b50547deefd5872b0f015080eeefaca1055b5becd6461a8757ad49aba21244f9b3285bc6e4e654ebeaee37cd634cdc1f7348450d3a8dba6d9e9e46306d59525570bed16d492e36509c73f7086a233d5a1d1d519fd33fc42cb61cbe196c31d871d877b0e7b0e0f1cb011225a51c4a2a845918ba21745308a6214c9289a5bd1fc5cf82fde38bcff835ecfeebe010000ffff0300504b0304140006000800000021002e9abe1f3e0100005902000011000801646f6350726f70732f636f72652e786d6c20a2040128a00001000000000000000000000000000000000000000000000000000000000000000000000000000000000000000000000000000000000000000000000000000000000000000000000000000000000000000000000000000000000000000000000000000000000000000000000000000000000000000000000000000000000000000000000000000000000000000000000000000000000000000000000000000000000000000000000000000000000000000000000000000000000000000000000000000000000000000000000000000000000000000000000000000000000000000000000000000000000000000000000000000000000000000000000000000000008c92cb4ec3301045f748fc43e47de23829885a492a1eea8a4a481481d859f6348d881dcb36a4fd7b9c47435059b0f4dc3b67ee8c9cad0eb20ebec0d8aa513922518c0250bc11952a73f4b25d873728b08e29c1ea46418e8e60d1aab8bcc8b8a6bc31f0641a0dc65560034f5296729da3bd739a626cf91e24b39177282fee1a2399f34f5362cdf8072b0127717c8d2538269863b803867a22a21129f884d49fa6ee018263a8418272169388e01faf0323ed9f0dbd3273caca1db5df698c3b670b3e8893fb60abc9d8b66dd4a67d0c9f9fe0b7cde373bf6a58a9ee561c5091094eb901e61a53dc7230199e15bae3d5ccba8dbff3ae0271771c3de775cfe9630f3010810f4287d827e535bd7fd8ae5191c4c92224244cd22d59d2784149fade8dfdd5df051b0a721cfe7fe2158d9733e2095064f8ec3314df000000ffff0300504b03041400060008000000210061490910890100001103000010000801646f6350726f70732f6170702e786d6c20a2040128a00001000000000000000000000000000000000000000000000000000000000000000000000000000000000000000000000000000000000000000000000000000000000000000000000000000000000000000000000000000000000000000000000000000000000000000000000000000000000000000000000000000000000000000000000000000000000000000000000000000000000000000000000000000000000000000000000000000000000000000000000000000000000000000000000000000000000000000000000000000000000000000000000000000000000000000000000000000000000000000000000000000000000000000000000000000000009c92416fdb300c85ef03fa1f0cdd1b39dd500c81ac624857f4b0610192b6674da663a1b22488ac91ecd78fb6d1d4d97aea8de47b78fa4449dd1c3a5ff490d1c55089e5a21405041b6b17f69578d8dd5d7e15059209b5f13140258e80e2465f7c529b1c13647280054704ac444b945652a26da133b86039b0d2c4dc19e236ef656c1a67e136da970e02c9abb2bc9670200835d497e91428a6c4554f1f0dada31df8f071774c0cacd5b794bcb386f896faa7b339626ca8f87eb0e0959c8b8ae9b6605fb2a3a32e959cb76a6b8d873507ebc6780425df06ea1eccb0b48d7119b5ea69d583a5980b747f786d57a2f86d10069c4af4263b1388b106dbd48cb54f48593fc5fc8c2d00a1926c98866339f7ce6bf7452f470317e7c621600261e11c71e7c803fe6a3626d33bc4cb39f1c830f14e38db816f3a73ce375e994ffa277b1dbb64c2918553f5c385677c48bb786b085ed7793e54dbd664a8f9054eeb3e0dd43d6f32fb2164dd9ab087fad5f3bf303cfee3f4c3f5f27a517e2ef95d673325dffeb2fe0b0000ffff0300504b01022d001400060008000000210062ee9d685e010000900400001300000000000000000000000000000000005b436f6e74656e745f54797065735d2e786d6c504b01022d0014000600080000002100b5553023f40000004c0200000b00000000000000000000000000970300005f72656c732f2e72656c73504b01022d00140006000800000021005843a3dc4a030000d10700000f00000000000000000000000000bc060000786c2f776f726b626f6f6b2e786d6c504b01022d0014000600080000002100813e9497f3000000ba0200001a00000000000000000000000000330a0000786c2f5f72656c732f776f726b626f6f6b2e786d6c2e72656c73504b01022d001400060008000000210000446359f5030000fc1000001800000000000000000000000000660c0000786c2f776f726b7368656574732f7368656574312e786d6c504b01022d0014000600080000002100c11710be4e070000c6200000130000000000000000000000000091100000786c2f7468656d652f7468656d65312e786d6c504b01022d00140006000800000021008a7d91eacc030000a60d00000d0000000000000000000000000010180000786c2f7374796c65732e786d6c504b01022d00140006000800000021001942c1c5db000000350200001400000000000000000000000000071c0000786c2f736861726564537472696e67732e786d6c504b01022d00140006000800000021002e9abe1f3e010000590200001100000000000000000000000000141d0000646f6350726f70732f636f72652e786d6c504b01022d00140006000800000021006149091089010000110300001000000000000000000000000000891f0000646f6350726f70732f6170702e786d6c504b0506000000000a000a0080020000482200000000, 'random', 4, 10, 1, 4, 10, '2024-11-26 05:08:35', '2024-11-26 05:08:35'),
(43, 0x504b030414000600080000002100c11710be4e070000c620000013000000786c2f7468656d652f7468656d65312e786d6cec59cd8b1b3714bf17fa3f0c7377fc35e38f25dee0cf6c93dd24649d941cb5b6ec5156333292bc1b13022539f55228a4a597426f3d94d240030dbdf48f0924b4e91fd127cdd823ade5249b6c4a5a760d8b47febda7a7f79e7e7af374f1d2bd987a47980bc292965fbe50f23d9c8cd89824d3967f6b3828347c4f48948c1165096ef90b2cfc4bdb9f7e72116dc908c7d803f9446ca1961f4939db2a16c5088691b8c0663881df268cc748c2239f16c71c1d83de98162ba552ad182392f85e8262507b7d322123ec0d954a7f7ba9bc4fe13191420d8c28df57aab125a1b1e3c3b2428885e852ee1d21daf2619e313b1ee27bd2f72812127e68f925fde717b72f16d1562644e50659436ea0ff32b94c607c58d173f2e9c16ad22008835a7ba55f03a85cc7f5ebfd5abfb6d2a70168348295a6b6d83aeb956e90610d50fad5a1bb57ef55cb16ded05f5db3b91daa8f85d7a0547fb0861f0cbae0450baf41293e5cc3879d66a767ebd7a0145f5bc3d74bed5e50b7f46b50444972b8862e85b56a77b9da1564c2e88e13de0c8341bd9229cf51900dabec52534c582237e55a8cee323e008002522449e2c9c50c4fd008b2b88b2839e0c4db25d308126f86122660b854290d4a55f8af3e81fea6238ab63032a4955d6089581b52f67862c4c94cb6fc2ba0d537202f9e3d7bfef0e9f387bf3d7ff4e8f9c35fb2b9b52a4b6e07255353eed58f5ffffdfd17de5fbffef0eaf137e9d427f1c2c4bffcf9cb97bffff13af5b0e2dc152fbe7df2f2e99317df7df5e74f8f1ddadb1c1d98f02189b1f0aee163ef268b61810efbf1013f9dc43042c4924011e876a8eecbc8025e5b20eac275b0edc2db1c58c605bc3cbf6bd9ba1ff1b9248e99af46b105dc638c7618773ae0aa9acbf0f0709e4cdd93f3b989bb89d0916bee2e4aac00f7e733a057e252d98db065e60d8a1289a638c1d253bfb1438c1dabbb4388e5d73d32e24cb089f4ee10af8388d32543726025522eb4436288cbc2652084daf2cdde6dafc3a86bd53d7c6423615b20ea307e88a9e5c6cb682e51ec52394431351dbe8b64e432727fc14726ae2f24447a8a29f3fa632c844be63a87f51a41bf0a0ce30efb1e5dc436924b72e8d2b98b1833913d76d88d503c73da4c92c8c47e260e214591778349177c8fd93b443d431c50b231dcb709b6c2fd6622b805e46a9a942788fa65ce1db1bc8c99bd1f177482b08b65da3cb6d8b5cd89333b3af3a995dabb1853748cc6187bb73e7358d06133cbe7b9d1572260951dec4aac2bc8ce55f59c60016592aa6bd6297297082b65f7f1946db0676f71827816288911dfa4f91a44dd4a5d38e59c547a9d8e0e4de03502e51fe48bd329d705e83092bbbf49eb8d085967977a16ee7c5d702b7e6fb3c7605fde3dedbe04197c6a1920f6b7f6cd10516b823c6186080a0c17dd828815fe5c449dab5a6cee949bd89b360f03144656bd1393e48dc5cf89b227fc77ca1e77017306058f5bf1fb943a9b2865e74481b309f71f2c6b7a689edcc07092ac73d67955735ed5f8fffbaa66d35e3eaf65ce6b99f35ac6f5f6f5416a99bc7c81ca26eff2e89e4fbcb1e5332194eecb05c5bb42777d04bcd18c0730a8db51ba27b96a01ce22f89a35982cdc94232de371263f2732da8fd00c5a4365ddc09c8a4cf554783326a063a487752b159fd0adfb4ef3788f8dd34e67b9acba9aa90b0592f978295c8d43974aa6e85a3defdeadd4eb7ee8547759970628d9d318614c661b517518515f0e42145e67845ed99958d17458d150ea97a15a4671e50a306d151578e5f6e045bde58741da4186661c94e76315a7b499bc8cae0ace99467a9333a9990150622f33208f7453d9ba71796a7569aabd45a42d238c74b38d30d2308217e12c3bcd96fb59c6ba9987d4324fb962b91b7233ea8d0f116b452227b881262653d0c43b6ef9b56a08b72a23346bf913e818c3d77806b923d45b17a253b87619499e6ef87761961917b28744943a5c934eca063191987b94c42d5f2d7f950d34d11ca26d2b5780103e5ae39a402b1f9b7110743bc87832c1236986dd18519e4e1f81e153ae70feaac5df1dac24d91cc2bd1f8d8fbd033ae73711a458582f2b078e89808b8372eacd31819bb01591e5f977e260ca68d7bc8ad239948e233a8b5076a298649ec23589aeccd14f2b1f184fd99ac1a1eb2e3c98aa03f6bd4fdd371fd5ca730669e667a6c52aead47493e9873be40dabf243d4b22aa56efd4e2d72ae6b2eb90e12d5794abce1d47d8b03c1302d9fcc324d59bc4ec38ab3b351dbb4332c080c4fd436f86d7546383df1ae273fc89dcc5a75402ceb4a9df8facadcbcd5660777813c7a707f38a752e850426f972328fad21bc89436608bdc93598d08dfbc39272dff7e296c07dd4ad82d941a61bf10548352a111b6ab85761856cbfdb05cea752a0fe06091515c0ed3ebfa015c61d0457669afc7d72eeee3e52dcd85118b8b4c5fcc17b5e1fae2be5cd97c71ef11209dfbb5caa0596d766a8566b53d2804bd4ea3d0ecd63a855ead5bef0d7addb0d11c3cf0bd230d0edad56e50eb370ab572b75b086a25657ea359a807954a3ba8b71bfda0fd202b6360e5297d64be00f76abbb6ff010000ffff0300504b0304140006000800000021008a7d91eacc030000a60d00000d000000786c2f7374796c65732e786d6ccc57596fdb38107e5f60ff83c07745472cd7362415751c0105ba4581a4c0be52126513e5a152742ab7e87fef90922c39dd6c0c07dd6ef2207238c73717878e5fb79c390f4435548a0405573e7288286449c536411fef3377819c46635162260549d08134e875fae71f71a30f8cdced08d10ea8104d82765ad72bcf6b8a1de1b8b9923511705249c5b186adda7a4dad082e1b23c49917fafedce3980ad46958f1e21c251cab4ffbda2d24afb1a63965541fac2ee4f062f5762ba4c23903a86d30c385d30673153aad1a8c58ea4f76382d946c64a5af40af27ab8a16e467b84b6fe9e162d4049a2fd314449e1f9ef8deaa0b35cd3c451ea8491f4ae34a0add3885dc0b9da06b006a42b0fa24e417919923c870cf95c6cd57e70133a004c84be34232a91c0da983c8598ac09c741c3798d15c51c356614ed9a123878660b3ddf3710ab13744cfe0e8d0a4716eb8fe235b473b16dbaff0c9bad6806f94b149a43b421a43496aa24406a74ebfbe3fd4105201ddd385068e9ee5de2a7c08c2e87c8146325a9ad46e6f6c22d5364f5096ad5f997fa3267feac09b403699b3f0ec07bccca52ae16e182a2a020b1d298d19a934e85574bb335f2d6b63456a0dfd93c625c55b293033c530484c25e14e81eb23417a07ed3f545f0fdab77fd67763a4b771a684c563e19c2900c007dc674a744e5ee8231525694999a0f9ec2c0f1ff33fe3df63f6e7bc7bccff22df7e77fecea8bbd38afd2d25d2f70374574118bb337df077756c31733fb79523f63ce3fa2dd4090c64739b0e4b68cf7ed9b553b7316d36d5d6e99ea89d5fa4d669aba3fea7400580af071522670465a64f2fede0ba66073380cc68e9772033eed6f69e19f76f18dd0a4e3a813486f9d36d9d9d54f42b283283ab807302731d5e2f9a1653ca1785eb7bd25a7326346df574509fc20ff4ff2f7e03ba2f0a08fa107f289531feb3c7f8dfef794e54669f63933c9c6465cc0384ed24e367580424a7117b99c5330a7f6af1f35e6af241918ab6bfaaae8652b2ad06cd35e9e093fe3d76a263de50097a6f62ce26d1c9f794692afea1774167d98eb7816f668436cf597b4f1cad406c4a52e13dd3f7c7c3048debbf4849f71cc2d3737da00f525b15091ad7efccec0ee6c60634cbbb06462d7c9dbda209fa76bb7eb5dcdc66a1bbf0d70b77764d227719ad376e34bb596f36d9d20ffd9bef9347f50b9ed4f63700d45b305b350c1edeaa77b6077f37d21234d974f0ed1405d853eccb70eebf8902dfcdaefdc09dcdf1c25dccaf23378b8270339fad6fa32c9a608f2e7c7afb5e10748f78033e5a69ca09a362c8d590a129159204db7f71c21b32e18d3fb0d21f000000ffff0300504b0304140006000800000021001942c1c5db0000003502000014000000786c2f736861726564537472696e67732e786d6c64d1c14ac4301080e1bbe03b84b9bbe974755d25c91e163c7a52d06368b3db4093743ba9e8db5b1114668ef30d813f8c397ca6517d849962c91670d3800ab92b7dcc670baf2f4f377b50547deefd5872b0f015080eeefaca1055b5becd6461a8757ad49aba21244f9b3285bc6e4e654ebeaee37cd634cdc1f7348450d3a8dba6d9e9e46306d59525570bed16d492e36509c73f7086a233d5a1d1d519fd33fc42cb61cbe196c31d871d877b0e7b0e0f1cb011225a51c4a2a845918ba21745308a6214c9289a5bd1fc5cf82fde38bcff835ecfeebe010000ffff0300504b0304140006000800000021002e9abe1f3e0100005902000011000801646f6350726f70732f636f72652e786d6c20a2040128a00001000000000000000000000000000000000000000000000000000000000000000000000000000000000000000000000000000000000000000000000000000000000000000000000000000000000000000000000000000000000000000000000000000000000000000000000000000000000000000000000000000000000000000000000000000000000000000000000000000000000000000000000000000000000000000000000000000000000000000000000000000000000000000000000000000000000000000000000000000000000000000000000000000000000000000000000000000000000000000000000000000000000000000000000000000000008c92cb4ec3301045f748fc43e47de23829885a492a1eea8a4a481481d859f6348d881dcb36a4fd7b9c47435059b0f4dc3b67ee8c9cad0eb20ebec0d8aa513922518c0250bc11952a73f4b25d873728b08e29c1ea46418e8e60d1aab8bcc8b8a6bc31f0641a0dc65560034f5296729da3bd739a626cf91e24b39177282fee1a2399f34f5362cdf8072b0127717c8d2538269863b803867a22a21129f884d49fa6ee018263a8418272169388e01faf0323ed9f0dbd3273caca1db5df698c3b670b3e8893fb60abc9d8b66dd4a67d0c9f9fe0b7cde373bf6a58a9ee561c5091094eb901e61a53dc7230199e15bae3d5ccba8dbff3ae0271771c3de775cfe9630f3010810f4287d827e535bd7fd8ae5191c4c92224244cd22d59d2784149fade8dfdd5df051b0a721cfe7fe2158d9733e2095064f8ec3314df000000ffff0300504b03041400060008000000210061490910890100001103000010000801646f6350726f70732f6170702e786d6c20a2040128a00001000000000000000000000000000000000000000000000000000000000000000000000000000000000000000000000000000000000000000000000000000000000000000000000000000000000000000000000000000000000000000000000000000000000000000000000000000000000000000000000000000000000000000000000000000000000000000000000000000000000000000000000000000000000000000000000000000000000000000000000000000000000000000000000000000000000000000000000000000000000000000000000000000000000000000000000000000000000000000000000000000000000000000000000000000000009c92416fdb300c85ef03fa1f0cdd1b39dd500c81ac624857f4b0610192b6674da663a1b22488ac91ecd78fb6d1d4d97aea8de47b78fa4449dd1c3a5ff490d1c55089e5a21405041b6b17f69578d8dd5d7e15059209b5f13140258e80e2465f7c529b1c13647280054704ac444b945652a26da133b86039b0d2c4dc19e236ef656c1a67e136da970e02c9abb2bc9670200835d497e91428a6c4554f1f0dada31df8f071774c0cacd5b794bcb386f896faa7b339626ca8f87eb0e0959c8b8ae9b6605fb2a3a32e959cb76a6b8d873507ebc6780425df06ea1eccb0b48d7119b5ea69d583a5980b747f786d57a2f86d10069c4af4263b1388b106dbd48cb54f48593fc5fc8c2d00a1926c98866339f7ce6bf7452f470317e7c621600261e11c71e7c803fe6a3626d33bc4cb39f1c830f14e38db816f3a73ce375e994ffa277b1dbb64c2918553f5c385677c48bb786b085ed7793e54dbd664a8f9054eeb3e0dd43d6f32fb2164dd9ab087fad5f3bf303cfee3f4c3f5f27a517e2ef95d673325dffeb2fe0b0000ffff0300504b01022d001400060008000000210062ee9d685e010000900400001300000000000000000000000000000000005b436f6e74656e745f54797065735d2e786d6c504b01022d0014000600080000002100b5553023f40000004c0200000b00000000000000000000000000970300005f72656c732f2e72656c73504b01022d00140006000800000021005843a3dc4a030000d10700000f00000000000000000000000000bc060000786c2f776f726b626f6f6b2e786d6c504b01022d0014000600080000002100813e9497f3000000ba0200001a00000000000000000000000000330a0000786c2f5f72656c732f776f726b626f6f6b2e786d6c2e72656c73504b01022d001400060008000000210000446359f5030000fc1000001800000000000000000000000000660c0000786c2f776f726b7368656574732f7368656574312e786d6c504b01022d0014000600080000002100c11710be4e070000c6200000130000000000000000000000000091100000786c2f7468656d652f7468656d65312e786d6c504b01022d00140006000800000021008a7d91eacc030000a60d00000d0000000000000000000000000010180000786c2f7374796c65732e786d6c504b01022d00140006000800000021001942c1c5db000000350200001400000000000000000000000000071c0000786c2f736861726564537472696e67732e786d6c504b01022d00140006000800000021002e9abe1f3e010000590200001100000000000000000000000000141d0000646f6350726f70732f636f72652e786d6c504b01022d00140006000800000021006149091089010000110300001000000000000000000000000000891f0000646f6350726f70732f6170702e786d6c504b0506000000000a000a0080020000482200000000, 'random', 4, 10, 1, 4, 10, '2024-11-26 05:08:43', '2024-11-26 05:08:43'),
(44, 0x504b030414000600080000002100c11710be4e070000c620000013000000786c2f7468656d652f7468656d65312e786d6cec59cd8b1b3714bf17fa3f0c7377fc35e38f25dee0cf6c93dd24649d941cb5b6ec5156333292bc1b13022539f55228a4a597426f3d94d240030dbdf48f0924b4e91fd127cdd823ade5249b6c4a5a760d8b47febda7a7f79e7e7af374f1d2bd987a47980bc292965fbe50f23d9c8cd89824d3967f6b3828347c4f48948c1165096ef90b2cfc4bdb9f7e72116dc908c7d803f9446ca1961f4939db2a16c5088691b8c0663881df268cc748c2239f16c71c1d83de98162ba552ad182392f85e8262507b7d322123ec0d954a7f7ba9bc4fe13191420d8c28df57aab125a1b1e3c3b2428885e852ee1d21daf2619e313b1ee27bd2f72812127e68f925fde717b72f16d1562644e50659436ea0ff32b94c607c58d173f2e9c16ad22008835a7ba55f03a85cc7f5ebfd5abfb6d2a70168348295a6b6d83aeb956e90610d50fad5a1bb57ef55cb16ded05f5db3b91daa8f85d7a0547fb0861f0cbae0450baf41293e5cc3879d66a767ebd7a0145f5bc3d74bed5e50b7f46b50444972b8862e85b56a77b9da1564c2e88e13de0c8341bd9229cf51900dabec52534c582237e55a8cee323e008002522449e2c9c50c4fd008b2b88b2839e0c4db25d308126f86122660b854290d4a55f8af3e81fea6238ab63032a4955d6089581b52f67862c4c94cb6fc2ba0d537202f9e3d7bfef0e9f387bf3d7ff4e8f9c35fb2b9b52a4b6e07255353eed58f5ffffdfd17de5fbffef0eaf137e9d427f1c2c4bffcf9cb97bffff13af5b0e2dc152fbe7df2f2e99317df7df5e74f8f1ddadb1c1d98f02189b1f0aee163ef268b61810efbf1013f9dc43042c4924011e876a8eecbc8025e5b20eac275b0edc2db1c58c605bc3cbf6bd9ba1ff1b9248e99af46b105dc638c7618773ae0aa9acbf0f0709e4cdd93f3b989bb89d0916bee2e4aac00f7e733a057e252d98db065e60d8a1289a638c1d253bfb1438c1dabbb4388e5d73d32e24cb089f4ee10af8388d32543726025522eb4436288cbc2652084daf2cdde6dafc3a86bd53d7c6423615b20ea307e88a9e5c6cb682e51ec52394431351dbe8b64e432727fc14726ae2f24447a8a29f3fa632c844be63a87f51a41bf0a0ce30efb1e5dc436924b72e8d2b98b1833913d76d88d503c73da4c92c8c47e260e214591778349177c8fd93b443d431c50b231dcb709b6c2fd6622b805e46a9a942788fa65ce1db1bc8c99bd1f177482b08b65da3cb6d8b5cd89333b3af3a995dabb1853748cc6187bb73e7358d06133cbe7b9d1572260951dec4aac2bc8ce55f59c60016592aa6bd6297297082b65f7f1946db0676f71827816288911dfa4f91a44dd4a5d38e59c547a9d8e0e4de03502e51fe48bd329d705e83092bbbf49eb8d085967977a16ee7c5d702b7e6fb3c7605fde3dedbe04197c6a1920f6b7f6cd10516b823c6186080a0c17dd828815fe5c449dab5a6cee949bd89b360f03144656bd1393e48dc5cf89b227fc77ca1e77017306058f5bf1fb943a9b2865e74481b309f71f2c6b7a689edcc07092ac73d67955735ed5f8fffbaa66d35e3eaf65ce6b99f35ac6f5f6f5416a99bc7c81ca26eff2e89e4fbcb1e5332194eecb05c5bb42777d04bcd18c0730a8db51ba27b96a01ce22f89a35982cdc94232de371263f2732da8fd00c5a4365ddc09c8a4cf554783326a063a487752b159fd0adfb4ef3788f8dd34e67b9acba9aa90b0592f978295c8d43974aa6e85a3defdeadd4eb7ee8547759970628d9d318614c661b517518515f0e42145e67845ed99958d17458d150ea97a15a4671e50a306d151578e5f6e045bde58741da4186661c94e76315a7b499bc8cae0ace99467a9333a9990150622f33208f7453d9ba71796a7569aabd45a42d238c74b38d30d2308217e12c3bcd96fb59c6ba9987d4324fb962b91b7233ea8d0f116b452227b881262653d0c43b6ef9b56a08b72a23346bf913e818c3d77806b923d45b17a253b87619499e6ef87761961917b28744943a5c934eca063191987b94c42d5f2d7f950d34d11ca26d2b5780103e5ae39a402b1f9b7110743bc87832c1236986dd18519e4e1f81e153ae70feaac5df1dac24d91cc2bd1f8d8fbd033ae73711a458582f2b078e89808b8372eacd31819bb01591e5f977e260ca68d7bc8ad239948e233a8b5076a298649ec23589aeccd14f2b1f184fd99ac1a1eb2e3c98aa03f6bd4fdd371fd5ca730669e667a6c52aead47493e9873be40dabf243d4b22aa56efd4e2d72ae6b2eb90e12d5794abce1d47d8b03c1302d9fcc324d59bc4ec38ab3b351dbb4332c080c4fd436f86d7546383df1ae273fc89dcc5a75402ceb4a9df8facadcbcd5660777813c7a707f38a752e850426f972328fad21bc89436608bdc93598d08dfbc39272dff7e296c07dd4ad82d941a61bf10548352a111b6ab85761856cbfdb05cea752a0fe06091515c0ed3ebfa015c61d0457669afc7d72eeee3e52dcd85118b8b4c5fcc17b5e1fae2be5cd97c71ef11209dfbb5caa0596d766a8566b53d2804bd4ea3d0ecd63a855ead5bef0d7addb0d11c3cf0bd230d0edad56e50eb370ab572b75b086a25657ea359a807954a3ba8b71bfda0fd202b6360e5297d64be00f76abbb6ff010000ffff0300504b0304140006000800000021008a7d91eacc030000a60d00000d000000786c2f7374796c65732e786d6ccc57596fdb38107e5f60ff83c07745472cd7362415751c0105ba4581a4c0be52126513e5a152742ab7e87fef90922c39dd6c0c07dd6ef2207238c73717878e5fb79c390f4435548a0405573e7288286449c536411fef3377819c46635162260549d08134e875fae71f71a30f8cdced08d10ea8104d82765ad72bcf6b8a1de1b8b9923511705249c5b186adda7a4dad082e1b23c49917fafedce3980ad46958f1e21c251cab4ffbda2d24afb1a63965541fac2ee4f062f5762ba4c23903a86d30c385d30673153aad1a8c58ea4f76382d946c64a5af40af27ab8a16e467b84b6fe9e162d4049a2fd314449e1f9ef8deaa0b35cd3c451ea8491f4ae34a0add3885dc0b9da06b006a42b0fa24e417919923c870cf95c6cd57e70133a004c84be34232a91c0da983c8598ac09c741c3798d15c51c356614ed9a123878660b3ddf3710ab13744cfe0e8d0a4716eb8fe235b473b16dbaff0c9bad6806f94b149a43b421a43496aa24406a74ebfbe3fd4105201ddd385068e9ee5de2a7c08c2e87c8146325a9ad46e6f6c22d5364f5096ad5f997fa3267feac09b403699b3f0ec07bccca52ae16e182a2a020b1d298d19a934e85574bb335f2d6b63456a0dfd93c625c55b293033c530484c25e14e81eb23417a07ed3f545f0fdab77fd67763a4b771a684c563e19c2900c007dc674a744e5ee8231525694999a0f9ec2c0f1ff33fe3df63f6e7bc7bccff22df7e77fecea8bbd38afd2d25d2f70374574118bb337df077756c31733fb79523f63ce3fa2dd4090c64739b0e4b68cf7ed9b553b7316d36d5d6e99ea89d5fa4d669aba3fea7400580af071522670465a64f2fede0ba66073380cc68e9772033eed6f69e19f76f18dd0a4e3a813486f9d36d9d9d54f42b283283ab807302731d5e2f9a1653ca1785eb7bd25a7326346df574509fc20ff4ff2f7e03ba2f0a08fa107f289531feb3c7f8dfef794e54669f63933c9c6465cc0384ed24e367580424a7117b99c5330a7f6af1f35e6af241918ab6bfaaae8652b2ad06cd35e9e093fe3d76a263de50097a6f62ce26d1c9f794692afea1774167d98eb7816f668436cf597b4f1cad406c4a52e13dd3f7c7c3048debbf4849f71cc2d3737da00f525b15091ad7efccec0ee6c60634cbbb06462d7c9dbda209fa76bb7eb5dcdc66a1bbf0d70b77764d227719ad376e34bb596f36d9d20ffd9bef9347f50b9ed4f63700d45b305b350c1edeaa77b6077f37d21234d974f0ed1405d853eccb70eebf8902dfcdaefdc09dcdf1c25dccaf23378b8270339fad6fa32c9a608f2e7c7afb5e10748f78033e5a69ca09a362c8d590a129159204db7f71c21b32e18d3fb0d21f000000ffff0300504b0304140006000800000021001942c1c5db0000003502000014000000786c2f736861726564537472696e67732e786d6c64d1c14ac4301080e1bbe03b84b9bbe974755d25c91e163c7a52d06368b3db4093743ba9e8db5b1114668ef30d813f8c397ca6517d849962c91670d3800ab92b7dcc670baf2f4f377b50547deefd5872b0f015080eeefaca1055b5becd6461a8757ad49aba21244f9b3285bc6e4e654ebeaee37cd634cdc1f7348450d3a8dba6d9e9e46306d59525570bed16d492e36509c73f7086a233d5a1d1d519fd33fc42cb61cbe196c31d871d877b0e7b0e0f1cb011225a51c4a2a845918ba21745308a6214c9289a5bd1fc5cf82fde38bcff835ecfeebe010000ffff0300504b0304140006000800000021002e9abe1f3e0100005902000011000801646f6350726f70732f636f72652e786d6c20a2040128a00001000000000000000000000000000000000000000000000000000000000000000000000000000000000000000000000000000000000000000000000000000000000000000000000000000000000000000000000000000000000000000000000000000000000000000000000000000000000000000000000000000000000000000000000000000000000000000000000000000000000000000000000000000000000000000000000000000000000000000000000000000000000000000000000000000000000000000000000000000000000000000000000000000000000000000000000000000000000000000000000000000000000000000000000000000000008c92cb4ec3301045f748fc43e47de23829885a492a1eea8a4a481481d859f6348d881dcb36a4fd7b9c47435059b0f4dc3b67ee8c9cad0eb20ebec0d8aa513922518c0250bc11952a73f4b25d873728b08e29c1ea46418e8e60d1aab8bcc8b8a6bc31f0641a0dc65560034f5296729da3bd739a626cf91e24b39177282fee1a2399f34f5362cdf8072b0127717c8d2538269863b803867a22a21129f884d49fa6ee018263a8418272169388e01faf0323ed9f0dbd3273caca1db5df698c3b670b3e8893fb60abc9d8b66dd4a67d0c9f9fe0b7cde373bf6a58a9ee561c5091094eb901e61a53dc7230199e15bae3d5ccba8dbff3ae0271771c3de775cfe9630f3010810f4287d827e535bd7fd8ae5191c4c92224244cd22d59d2784149fade8dfdd5df051b0a721cfe7fe2158d9733e2095064f8ec3314df000000ffff0300504b03041400060008000000210061490910890100001103000010000801646f6350726f70732f6170702e786d6c20a2040128a00001000000000000000000000000000000000000000000000000000000000000000000000000000000000000000000000000000000000000000000000000000000000000000000000000000000000000000000000000000000000000000000000000000000000000000000000000000000000000000000000000000000000000000000000000000000000000000000000000000000000000000000000000000000000000000000000000000000000000000000000000000000000000000000000000000000000000000000000000000000000000000000000000000000000000000000000000000000000000000000000000000000000000000000000000000000009c92416fdb300c85ef03fa1f0cdd1b39dd500c81ac624857f4b0610192b6674da663a1b22488ac91ecd78fb6d1d4d97aea8de47b78fa4449dd1c3a5ff490d1c55089e5a21405041b6b17f69578d8dd5d7e15059209b5f13140258e80e2465f7c529b1c13647280054704ac444b945652a26da133b86039b0d2c4dc19e236ef656c1a67e136da970e02c9abb2bc9670200835d497e91428a6c4554f1f0dada31df8f071774c0cacd5b794bcb386f896faa7b339626ca8f87eb0e0959c8b8ae9b6605fb2a3a32e959cb76a6b8d873507ebc6780425df06ea1eccb0b48d7119b5ea69d583a5980b747f786d57a2f86d10069c4af4263b1388b106dbd48cb54f48593fc5fc8c2d00a1926c98866339f7ce6bf7452f470317e7c621600261e11c71e7c803fe6a3626d33bc4cb39f1c830f14e38db816f3a73ce375e994ffa277b1dbb64c2918553f5c385677c48bb786b085ed7793e54dbd664a8f9054eeb3e0dd43d6f32fb2164dd9ab087fad5f3bf303cfee3f4c3f5f27a517e2ef95d673325dffeb2fe0b0000ffff0300504b01022d001400060008000000210062ee9d685e010000900400001300000000000000000000000000000000005b436f6e74656e745f54797065735d2e786d6c504b01022d0014000600080000002100b5553023f40000004c0200000b00000000000000000000000000970300005f72656c732f2e72656c73504b01022d00140006000800000021005843a3dc4a030000d10700000f00000000000000000000000000bc060000786c2f776f726b626f6f6b2e786d6c504b01022d0014000600080000002100813e9497f3000000ba0200001a00000000000000000000000000330a0000786c2f5f72656c732f776f726b626f6f6b2e786d6c2e72656c73504b01022d001400060008000000210000446359f5030000fc1000001800000000000000000000000000660c0000786c2f776f726b7368656574732f7368656574312e786d6c504b01022d0014000600080000002100c11710be4e070000c6200000130000000000000000000000000091100000786c2f7468656d652f7468656d65312e786d6c504b01022d00140006000800000021008a7d91eacc030000a60d00000d0000000000000000000000000010180000786c2f7374796c65732e786d6c504b01022d00140006000800000021001942c1c5db000000350200001400000000000000000000000000071c0000786c2f736861726564537472696e67732e786d6c504b01022d00140006000800000021002e9abe1f3e010000590200001100000000000000000000000000141d0000646f6350726f70732f636f72652e786d6c504b01022d00140006000800000021006149091089010000110300001000000000000000000000000000891f0000646f6350726f70732f6170702e786d6c504b0506000000000a000a0080020000482200000000, 'random', 4, 10, 1, 4, 10, '2024-11-26 05:09:57', '2024-11-26 05:09:57');

-- --------------------------------------------------------

--
-- Table structure for table `django_admin_log`
--

CREATE TABLE `django_admin_log` (
  `id` int(11) NOT NULL,
  `action_time` datetime(6) NOT NULL,
  `object_id` longtext DEFAULT NULL,
  `object_repr` varchar(200) NOT NULL,
  `action_flag` smallint(5) UNSIGNED NOT NULL CHECK (`action_flag` >= 0),
  `change_message` longtext NOT NULL,
  `content_type_id` int(11) DEFAULT NULL,
  `user_id` int(11) NOT NULL
) ENGINE=InnoDB DEFAULT CHARSET=utf8mb4;

--
-- Dumping data for table `django_admin_log`
--

INSERT INTO `django_admin_log` (`id`, `action_time`, `object_id`, `object_repr`, `action_flag`, `change_message`, `content_type_id`, `user_id`) VALUES
(1, '2024-10-25 14:57:55.983295', '1', 'Admin', 1, '[{\"added\": {}}]', 3, 1),
(2, '2024-10-25 14:58:45.721641', '2', 'Guru BK', 1, '[{\"added\": {}}]', 3, 1),
(3, '2024-10-25 14:58:52.349050', '3', 'Siswa', 1, '[{\"added\": {}}]', 3, 1),
(4, '2024-10-25 14:59:03.537622', '3', 'Siswa', 2, '[{\"changed\": {\"fields\": [\"Permissions\"]}}]', 3, 1),
(5, '2024-10-25 15:01:09.383323', '2', 'irham_hsb', 1, '[{\"added\": {}}]', 4, 1),
(6, '2024-10-25 15:01:41.465358', '2', 'irham_hsb', 2, '[{\"changed\": {\"fields\": [\"First name\", \"Last name\", \"Email address\", \"Groups\", \"Last login\"]}}]', 4, 1),
(7, '2024-10-25 15:25:41.346819', '1', 'admin', 2, '[{\"changed\": {\"fields\": [\"First name\"]}}]', 4, 1),
(8, '2024-10-28 14:12:21.798133', '3', 'jamilah_rambe', 2, '[{\"changed\": {\"fields\": [\"password\"]}}]', 4, 1),
(9, '2024-10-28 14:12:49.040275', '3', 'jamilah_rambe', 2, '[{\"changed\": {\"fields\": [\"Groups\"]}}]', 4, 1),
(10, '2024-10-28 16:23:13.629725', '4', 'beriman_rambe', 2, '[{\"changed\": {\"fields\": [\"password\"]}}]', 4, 1),
(11, '2024-11-22 10:32:35.998114', '4', 'beriman_rambe', 3, '', 4, 1),
(12, '2024-11-22 10:32:36.001268', '2', 'irham_hsb', 3, '', 4, 1),
(13, '2024-11-22 10:32:36.004160', '3', 'jamilah_rambe', 3, '', 4, 1),
(14, '2024-11-22 10:32:36.006562', '5', 'untung_rambe', 3, '', 4, 1);

-- --------------------------------------------------------

--
-- Table structure for table `django_content_type`
--

CREATE TABLE `django_content_type` (
  `id` int(11) NOT NULL,
  `app_label` varchar(100) NOT NULL,
  `model` varchar(100) NOT NULL
) ENGINE=InnoDB DEFAULT CHARSET=utf8mb4;

--
-- Dumping data for table `django_content_type`
--

INSERT INTO `django_content_type` (`id`, `app_label`, `model`) VALUES
(1, 'admin', 'logentry'),
(7, 'apps', 'm_data'),
(3, 'auth', 'group'),
(2, 'auth', 'permission'),
(4, 'auth', 'user'),
(5, 'contenttypes', 'contenttype'),
(6, 'sessions', 'session');

-- --------------------------------------------------------

--
-- Table structure for table `django_migrations`
--

CREATE TABLE `django_migrations` (
  `id` bigint(20) NOT NULL,
  `app` varchar(255) NOT NULL,
  `name` varchar(255) NOT NULL,
  `applied` datetime(6) NOT NULL
) ENGINE=InnoDB DEFAULT CHARSET=utf8mb4;

--
-- Dumping data for table `django_migrations`
--

INSERT INTO `django_migrations` (`id`, `app`, `name`, `applied`) VALUES
(1, 'contenttypes', '0001_initial', '2024-08-22 11:02:24.436821'),
(2, 'auth', '0001_initial', '2024-08-22 11:02:25.177023'),
(3, 'admin', '0001_initial', '2024-08-22 11:02:25.391876'),
(4, 'admin', '0002_logentry_remove_auto_add', '2024-08-22 11:02:25.417867'),
(5, 'admin', '0003_logentry_add_action_flag_choices', '2024-08-22 11:02:25.469851'),
(6, 'contenttypes', '0002_remove_content_type_name', '2024-08-22 11:02:25.599021'),
(7, 'auth', '0002_alter_permission_name_max_length', '2024-08-22 11:02:25.684707'),
(8, 'auth', '0003_alter_user_email_max_length', '2024-08-22 11:02:25.709701'),
(9, 'auth', '0004_alter_user_username_opts', '2024-08-22 11:02:25.721697'),
(10, 'auth', '0005_alter_user_last_login_null', '2024-08-22 11:02:25.761647'),
(11, 'auth', '0006_require_contenttypes_0002', '2024-08-22 11:02:25.764645'),
(12, 'auth', '0007_alter_validators_add_error_messages', '2024-08-22 11:02:25.779641'),
(13, 'auth', '0008_alter_user_username_max_length', '2024-08-22 11:02:25.801632'),
(14, 'auth', '0009_alter_user_last_name_max_length', '2024-08-22 11:02:25.820965'),
(15, 'auth', '0010_alter_group_name_max_length', '2024-08-22 11:02:25.854253'),
(16, 'auth', '0011_update_proxy_permissions', '2024-08-22 11:02:25.877244'),
(17, 'auth', '0012_alter_user_first_name_max_length', '2024-08-22 11:02:25.894747'),
(18, 'sessions', '0001_initial', '2024-08-22 11:02:25.965016');

-- --------------------------------------------------------

--
-- Table structure for table `django_session`
--

CREATE TABLE `django_session` (
  `session_key` varchar(40) NOT NULL,
  `session_data` longtext NOT NULL,
  `expire_date` datetime(6) NOT NULL
) ENGINE=InnoDB DEFAULT CHARSET=utf8mb4;

--
-- Dumping data for table `django_session`
--

INSERT INTO `django_session` (`session_key`, `session_data`, `expire_date`) VALUES
('4h76wmni6g7ce32hnt0dpwc5k88yrgpj', '.eJxVjEEOwiAQRe_C2hAYO0Bduu8ZyMAMtmpoUtqV8e7apAvd_vfef6lI2zrGrckSJ1YXZdXpd0uUH1J3wHeqt1nnua7LlPSu6IM2Pcwsz-vh_h2M1MZv3TsjmcQBi3CBAmiz6cK5t31i710wgMVhcIgCxqOXQiYDEgC4jkm9P-NHN3c:1t5SWP:CQunFMepbStnQthNuE149VkDD2ZE5E7LqSbAypnhIFk', '2024-11-11 16:23:13.645269'),
('6noemnj6d17ox0ad2vi4l5yqrbtk5kxa', '.eJxVjEEOwiAQRe_C2pBCGWBcuu8ZCANTqRqalHZlvLtt0oVu33v_v0WI21rC1ngJUxZXocTll1FMT66HyI9Y77NMc12XieSRyNM2OcyZX7ez_TsosZV97axFSJr0qLRnDUiI6EiTZ0UGydkxeWDM2iH0Ziem8x2A641l9CQ-X8IBNro:1sposP:m7qy5x-1_IjuGAhuAJyiDJcmw5cy7szTrFV7xskar4o', '2024-09-29 13:01:17.672861'),
('7jrkbanibpubszrd70novln04m2hydif', '.eJxVjEEOwiAQRe_C2pChHQRcuu8ZyACDVA0kpV0Z765NutDtf-_9l_C0rcVvnRc_J3ERKE6_W6D44LqDdKd6azK2ui5zkLsiD9rl1BI_r4f7d1Col29tFWbWOIIiE0ExaGTtrAFwka1zYIl4NOMAUZswYM4Z8xmCIbQpIon3B8EMN3U:1t9mYT:Sewvxp4WWlK7dCfmz0ry9lpD-KIo-d-Jor8xWMBX5qg', '2024-11-23 14:35:13.287862'),
('k95vbd32v1v4t5wkkyucoaz8oglry2ir', '.eJxVjEEOwiAQRe_C2pBCGWBcuu8ZCANTqRqalHZlvLtt0oVu33v_v0WI21rC1ngJUxZXocTll1FMT66HyI9Y77NMc12XieSRyNM2OcyZX7ez_TsosZV97axFSJr0qLRnDUiI6EiTZ0UGydkxeWDM2iH0Ziem8x2A641l9CQ-X8IBNro:1tEuSe:K27qTmAdLOLXleNlOGdkrTi9tmSuWoNJvfo_XleeFiE', '2024-12-07 18:02:24.071744'),
('mm0szv1c96hvystfvo2xv1xqjsuastag', '.eJxVjMsOwiAQRf-FtSHA8Cgu3fsNZIBBqgaS0q6M_65NutDtPefcFwu4rTVsg5YwZ3Zmmp1-t4jpQW0H-Y7t1nnqbV3myHeFH3Twa8_0vBzu30HFUb918hpMEUVNyuYIgEYq9CX5nGwEssrp4kkQemknqT1IIIe2RBBGOuvY-wPdvTdQ:1t5R0h:rma1OBcS8ezt6jj44vl1xkHZO1xAePooGFiUGT3KZf0', '2024-11-11 14:46:23.635109'),
('ohepgx9dx9jfofeltzukmydulutd3j7t', '.eJxVjEEOwiAQRe_C2pBCGWBcuu8ZCANTqRqalHZlvLtt0oVu33v_v0WI21rC1ngJUxZXocTll1FMT66HyI9Y77NMc12XieSRyNM2OcyZX7ez_TsosZV97axFSJr0qLRnDUiI6EiTZ0UGydkxeWDM2iH0Ziem8x2A641l9CQ-X8IBNro:1su7YQ:oKNpVu3IpamewDutyTfmY_qnfDsNK6ZvtJ5siQ-AuRs', '2024-10-11 09:46:26.804022'),
('qbwfh75gmzbo13f1ilfgmbps107pki3q', '.eJxVjEEOwiAQRe_C2pBCGWBcuu8ZCANTqRqalHZlvLtt0oVu33v_v0WI21rC1ngJUxZXocTll1FMT66HyI9Y77NMc12XieSRyNM2OcyZX7ez_TsosZV97axFSJr0qLRnDUiI6EiTZ0UGydkxeWDM2iH0Ziem8x2A641l9CQ-X8IBNro:1sojEa:hMDezYxfJ29zlE3L5viLd9ra8aNBVTNaCegWTDvbn0Q', '2024-09-26 12:47:40.606613'),
('vpm857fq0z5zw93twgt48pgjol7wtc50', '.eJxVjEEOwiAQRe_C2pBCGWBcuu8ZCANTqRqalHZlvLtt0oVu33v_v0WI21rC1ngJUxZXocTll1FMT66HyI9Y77NMc12XieSRyNM2OcyZX7ez_TsosZV97axFSJr0qLRnDUiI6EiTZ0UGydkxeWDM2iH0Ziem8x2A641l9CQ-X8IBNro:1t9nyV:uT0M-T0lxGbTYVZadhgtM_mAfKComwzFAmukFKb0JUQ', '2024-11-23 16:06:11.616293'),
('yzd8mo9sdicsmpl2slt126g9s91hsc6d', '.eJxVjEEOwiAQRe_C2pAyMMC4dO8ZCDBUqoYmpV0Z765NutDtf-_9lwhxW2vYelnCxOIsjDj9binmR2k74Htst1nmua3LlOSuyIN2eZ25PC-H-3dQY6_fGoHRO8BiLXrtbCSHxlkoCpLV3hKVAcgoVgyQ84ikvSONPCYcIivx_gCfVDZ2:1t5SWX:GJtq4DjiWGTXCKmXgFh57piHEZCzBTAjEUxwtwNCYwU', '2024-11-11 16:23:21.394903');

--
-- Indexes for dumped tables
--

--
-- Indexes for table `auth_group`
--
ALTER TABLE `auth_group`
  ADD PRIMARY KEY (`id`),
  ADD UNIQUE KEY `name` (`name`);

--
-- Indexes for table `auth_group_permissions`
--
ALTER TABLE `auth_group_permissions`
  ADD PRIMARY KEY (`id`),
  ADD UNIQUE KEY `auth_group_permissions_group_id_permission_id_0cd325b0_uniq` (`group_id`,`permission_id`),
  ADD KEY `auth_group_permissio_permission_id_84c5c92e_fk_auth_perm` (`permission_id`);

--
-- Indexes for table `auth_permission`
--
ALTER TABLE `auth_permission`
  ADD PRIMARY KEY (`id`),
  ADD UNIQUE KEY `auth_permission_content_type_id_codename_01ab375a_uniq` (`content_type_id`,`codename`);

--
-- Indexes for table `auth_user`
--
ALTER TABLE `auth_user`
  ADD PRIMARY KEY (`id`),
  ADD UNIQUE KEY `username` (`username`);

--
-- Indexes for table `auth_user_groups`
--
ALTER TABLE `auth_user_groups`
  ADD PRIMARY KEY (`id`),
  ADD UNIQUE KEY `auth_user_groups_user_id_group_id_94350c0c_uniq` (`user_id`,`group_id`),
  ADD KEY `auth_user_groups_group_id_97559544_fk_auth_group_id` (`group_id`);

--
-- Indexes for table `auth_user_user_permissions`
--
ALTER TABLE `auth_user_user_permissions`
  ADD PRIMARY KEY (`id`),
  ADD UNIQUE KEY `auth_user_user_permissions_user_id_permission_id_14a6b632_uniq` (`user_id`,`permission_id`),
  ADD KEY `auth_user_user_permi_permission_id_1fbb5f2c_fk_auth_perm` (`permission_id`);

--
-- Indexes for table `data_history`
--
ALTER TABLE `data_history`
  ADD PRIMARY KEY (`id`);

--
-- Indexes for table `django_admin_log`
--
ALTER TABLE `django_admin_log`
  ADD PRIMARY KEY (`id`),
  ADD KEY `django_admin_log_content_type_id_c4bce8eb_fk_django_co` (`content_type_id`),
  ADD KEY `django_admin_log_user_id_c564eba6_fk_auth_user_id` (`user_id`);

--
-- Indexes for table `django_content_type`
--
ALTER TABLE `django_content_type`
  ADD PRIMARY KEY (`id`),
  ADD UNIQUE KEY `django_content_type_app_label_model_76bd3d3b_uniq` (`app_label`,`model`);

--
-- Indexes for table `django_migrations`
--
ALTER TABLE `django_migrations`
  ADD PRIMARY KEY (`id`);

--
-- Indexes for table `django_session`
--
ALTER TABLE `django_session`
  ADD PRIMARY KEY (`session_key`),
  ADD KEY `django_session_expire_date_a5c62663` (`expire_date`);

--
-- AUTO_INCREMENT for dumped tables
--

--
-- AUTO_INCREMENT for table `auth_group`
--
ALTER TABLE `auth_group`
  MODIFY `id` int(11) NOT NULL AUTO_INCREMENT, AUTO_INCREMENT=4;

--
-- AUTO_INCREMENT for table `auth_group_permissions`
--
ALTER TABLE `auth_group_permissions`
  MODIFY `id` bigint(20) NOT NULL AUTO_INCREMENT, AUTO_INCREMENT=41;

--
-- AUTO_INCREMENT for table `auth_permission`
--
ALTER TABLE `auth_permission`
  MODIFY `id` int(11) NOT NULL AUTO_INCREMENT, AUTO_INCREMENT=25;

--
-- AUTO_INCREMENT for table `auth_user`
--
ALTER TABLE `auth_user`
  MODIFY `id` int(11) NOT NULL AUTO_INCREMENT, AUTO_INCREMENT=7;

--
-- AUTO_INCREMENT for table `auth_user_groups`
--
ALTER TABLE `auth_user_groups`
  MODIFY `id` bigint(20) NOT NULL AUTO_INCREMENT, AUTO_INCREMENT=17;

--
-- AUTO_INCREMENT for table `auth_user_user_permissions`
--
ALTER TABLE `auth_user_user_permissions`
  MODIFY `id` bigint(20) NOT NULL AUTO_INCREMENT;

--
-- AUTO_INCREMENT for table `data_history`
--
ALTER TABLE `data_history`
  MODIFY `id` int(11) NOT NULL AUTO_INCREMENT, AUTO_INCREMENT=45;

--
-- AUTO_INCREMENT for table `django_admin_log`
--
ALTER TABLE `django_admin_log`
  MODIFY `id` int(11) NOT NULL AUTO_INCREMENT, AUTO_INCREMENT=15;

--
-- AUTO_INCREMENT for table `django_content_type`
--
ALTER TABLE `django_content_type`
  MODIFY `id` int(11) NOT NULL AUTO_INCREMENT, AUTO_INCREMENT=8;

--
-- AUTO_INCREMENT for table `django_migrations`
--
ALTER TABLE `django_migrations`
  MODIFY `id` bigint(20) NOT NULL AUTO_INCREMENT, AUTO_INCREMENT=19;

--
-- Constraints for dumped tables
--

--
-- Constraints for table `auth_group_permissions`
--
ALTER TABLE `auth_group_permissions`
  ADD CONSTRAINT `auth_group_permissio_permission_id_84c5c92e_fk_auth_perm` FOREIGN KEY (`permission_id`) REFERENCES `auth_permission` (`id`),
  ADD CONSTRAINT `auth_group_permissions_group_id_b120cbf9_fk_auth_group_id` FOREIGN KEY (`group_id`) REFERENCES `auth_group` (`id`);

--
-- Constraints for table `auth_permission`
--
ALTER TABLE `auth_permission`
  ADD CONSTRAINT `auth_permission_content_type_id_2f476e4b_fk_django_co` FOREIGN KEY (`content_type_id`) REFERENCES `django_content_type` (`id`);

--
-- Constraints for table `auth_user_groups`
--
ALTER TABLE `auth_user_groups`
  ADD CONSTRAINT `auth_user_groups_group_id_97559544_fk_auth_group_id` FOREIGN KEY (`group_id`) REFERENCES `auth_group` (`id`),
  ADD CONSTRAINT `auth_user_groups_user_id_6a12ed8b_fk_auth_user_id` FOREIGN KEY (`user_id`) REFERENCES `auth_user` (`id`);

--
-- Constraints for table `auth_user_user_permissions`
--
ALTER TABLE `auth_user_user_permissions`
  ADD CONSTRAINT `auth_user_user_permi_permission_id_1fbb5f2c_fk_auth_perm` FOREIGN KEY (`permission_id`) REFERENCES `auth_permission` (`id`),
  ADD CONSTRAINT `auth_user_user_permissions_user_id_a95ead1b_fk_auth_user_id` FOREIGN KEY (`user_id`) REFERENCES `auth_user` (`id`);

--
-- Constraints for table `django_admin_log`
--
ALTER TABLE `django_admin_log`
  ADD CONSTRAINT `django_admin_log_content_type_id_c4bce8eb_fk_django_co` FOREIGN KEY (`content_type_id`) REFERENCES `django_content_type` (`id`),
  ADD CONSTRAINT `django_admin_log_user_id_c564eba6_fk_auth_user_id` FOREIGN KEY (`user_id`) REFERENCES `auth_user` (`id`);
COMMIT;

/*!40101 SET CHARACTER_SET_CLIENT=@OLD_CHARACTER_SET_CLIENT */;
/*!40101 SET CHARACTER_SET_RESULTS=@OLD_CHARACTER_SET_RESULTS */;
/*!40101 SET COLLATION_CONNECTION=@OLD_COLLATION_CONNECTION */;
